crop_type,soil_moisture,temperature,rainfall,fertilizer_type,fertilizer_amount_kg
wheat,40.66,41.98,51.54,DAP,27.61
wheat,21.77,29.18,9.05,Urea,31.54
wheat,62.67,13.5,4.47,DAP,31.39
wheat,62.39,23.05,27.63,Urea,25.62
wheat,61.64,25.66,37.34,Urea,30.69
wheat,19.08,13.62,12.76,Urea,32.19
wheat,34.09,25.02,51.54,NPK 10-26-26,30.56
wheat,66.81,13.52,2.54,DAP,27.16
wheat,12.27,44.22,0.07,Urea,27.86
wheat,66.32,21.09,15.93,NPK 10-26-26,31.22
wheat,50.8,35.2,1.33,DAP,29.18
wheat,57.49,14.04,39.39,DAP,31.75
wheat,63.16,39.67,3.55,DAP,27.03
wheat,60.2,16.11,1.1,NPK 10-26-26,29.57
wheat,44.62,39.92,54.89,DAP,26.95
wheat,54.95,29.78,8.91,DAP,28.72
wheat,28.56,27.58,6.2,Urea,28.79
wheat,57.18,36.34,3.51,DAP,28.55
wheat,21.81,32.49,9.19,Urea,33.43
wheat,69.6,33.76,3.96,DAP,31.12
wheat,16.49,32.43,11.11,Urea,29.87
wheat,40.58,24.13,7.77,DAP,30.53
wheat,11.04,30.12,3.58,Urea,27.92
wheat,21.38,11.11,16.82,Urea,28.16
wheat,34.08,29.65,15.2,DAP,24.48
wheat,38.6,42.22,19.31,DAP,27.54
wheat,49.72,25.44,16.68,DAP,34.54
wheat,13.1,17.39,1.16,Urea,32.57
wheat,27.33,31.96,12.53,DAP,31.86
wheat,26.38,18.56,2.21,NPK 10-26-26,35.52
wheat,54.43,40.18,6.35,DAP,31.15
wheat,12.99,22.26,1.89,Urea,28.14
wheat,11.74,13.95,8.46,Urea,25.6
wheat,60.98,25.32,51.74,DAP,32.02
wheat,53.37,19.36,25.73,Urea,26.87
wheat,55.18,24.86,27.24,DAP,25.37
wheat,27.98,38.82,2.51,DAP,29.68
wheat,23.59,30.27,12.97,Urea,22.75
wheat,22.41,37.85,14.98,Urea,25.73
wheat,62.73,39.25,3.92,DAP,26.78
wheat,12.14,38.16,14.34,Urea,29.58
wheat,37.13,37.11,3.52,DAP,26.37
wheat,37.19,15.47,47.38,Urea,31.65
wheat,35.4,42.31,1.14,DAP,32.3
wheat,58.2,17.53,5.87,DAP,28.45
wheat,19.24,23.19,14.84,Urea,26.85
wheat,42.83,18.09,6.32,Urea,23.85
wheat,16.26,12.63,6.41,Urea,27.77
wheat,46.89,39.31,3.04,DAP,23.32
wheat,40.8,38.34,12.1,DAP,25.04
wheat,60.8,28.15,13.89,DAP,32.81
wheat,65.43,32.37,25.79,DAP,28.26
wheat,13.54,41.71,3.14,Urea,31.42
wheat,68.17,27.59,2.9,Urea,28.88
wheat,55.76,12.39,0.19,Urea,31.2
wheat,25.89,31.75,11.06,DAP,31.79
wheat,61.72,27.21,2.05,DAP,27.02
wheat,29.7,12.63,1.14,DAP,29.91
wheat,16.02,21.76,7.15,Urea,22.6
wheat,25.42,39.76,6.59,DAP,22.41
wheat,23.78,16.15,5.84,Urea,33.82
wheat,41.78,36.68,0.6,DAP,33.25
wheat,66.16,13.33,16.81,Urea,32.37
wheat,56.57,28.73,23.95,DAP,31.03
wheat,45.75,21.01,12.35,NPK 10-26-26,25.06
wheat,36.21,35.92,8.87,DAP,31.03
wheat,14.11,15.9,23.5,Urea,31.7
wheat,20.06,39.32,48.56,Urea,34.73
wheat,12.45,12.73,32.41,Urea,30.32
wheat,66.7,32.63,3.65,DAP,32.53
wheat,53.72,32.6,63.76,DAP,30.38
wheat,56.81,21.86,7.16,Urea,24.97
wheat,35.65,24.36,66.84,DAP,28.89
wheat,35.86,43.4,3.45,DAP,34.71
wheat,28.7,20.77,5.12,DAP,28.26
wheat,40.31,43.55,2.84,DAP,30.34
wheat,53.18,31.51,17.08,DAP,24.97
wheat,51.05,17.54,8.16,Urea,25.77
wheat,37.63,41.74,33.66,DAP,28.56
wheat,44.7,34.52,15.95,DAP,28.17
wheat,12.94,13.63,2.06,Urea,31.72
wheat,34.53,34.25,3.35,DAP,30.55
wheat,68.4,22.25,28.05,Urea,27.74
wheat,58.72,15.46,23.41,Urea,35.19
wheat,13.11,42.07,35.87,Urea,29.78
wheat,67.3,27.38,7.5,DAP,24.47
wheat,56.42,15.09,9.35,DAP,24.28
wheat,29.59,12.72,10.32,DAP,27.7
wheat,59.83,22.44,4.96,NPK 10-26-26,28.62
wheat,32.2,19.97,36.41,NPK 10-26-26,27.35
wheat,62.11,40.25,17.73,DAP,27.91
wheat,25.59,29.3,9.01,DAP,29.66
wheat,10.95,38.84,31.65,Urea,30.31
wheat,67.64,14.2,20.09,Urea,34.81
wheat,59.65,22.6,13.75,Urea,34.93
wheat,48.26,20.63,11.67,NPK 10-26-26,35.89
wheat,14.3,11.52,3.67,Urea,31.47
wheat,22.84,44.02,2.31,Urea,30.01
wheat,16.07,13.93,12.77,Urea,27.23
wheat,68.67,25.2,2.45,Urea,32.74
wheat,25.91,29.97,8.76,DAP,31.61
wheat,61.53,32.81,3.14,DAP,37.37
wheat,13.78,24.85,0.24,Urea,25.85
wheat,32.54,44.28,5.43,DAP,24.66
wheat,25.91,14.53,10.73,Urea,27.66
wheat,10.37,27.78,95.72,Urea,28.05
wheat,51.7,20.79,31.42,NPK 10-26-26,36.47
wheat,57.47,29.59,6.65,DAP,25.45
wheat,15.15,35.55,30.74,Urea,30.68
wheat,56.89,25.12,13.55,Urea,32.48
wheat,18.2,29.3,13.95,Urea,32.07
wheat,27.54,21.56,17.16,Urea,32.51
wheat,22.76,23.1,4.76,Urea,27.8
wheat,13.89,35.86,3.56,Urea,30.51
wheat,33.61,12.24,3.85,Urea,29.56
wheat,51.98,13.29,14.56,DAP,22.92
wheat,27.95,31.93,25.83,DAP,34.45
wheat,28.66,20.71,16.52,DAP,29.3
wheat,32.55,44.39,16.42,DAP,27.79
wheat,69.37,15.52,10.9,NPK 10-26-26,31.47
wheat,69.33,37.4,1.11,DAP,29.98
wheat,63.44,21.96,9.37,NPK 10-26-26,31.73
wheat,34.24,10.57,13.44,NPK 10-26-26,26.79
wheat,67.28,21.66,12.49,DAP,25.55
wheat,18.97,30.31,16.26,Urea,26.13
wheat,15.35,12.75,8.33,Urea,31.59
wheat,66.75,17.62,4.45,Urea,27.1
wheat,38.2,10.69,19.84,Urea,31.93
wheat,41.52,14.01,71.9,DAP,34.89
wheat,48.24,40.85,13.23,DAP,30.0
wheat,56.72,18.7,17.01,NPK 10-26-26,30.96
wheat,63.99,19.98,34.63,DAP,32.34
wheat,17.81,43.86,25.02,Urea,23.84
wheat,12.09,28.96,7.36,Urea,32.14
wheat,16.06,38.07,36.99,Urea,31.06
wheat,22.99,19.23,3.51,Urea,30.64
wheat,55.9,43.18,18.93,DAP,29.94
wheat,33.26,24.9,1.17,Urea,31.57
wheat,26.51,26.58,22.39,Urea,28.42
wheat,38.25,23.59,25.78,NPK 10-26-26,23.65
wheat,46.22,41.34,30.17,DAP,28.04
wheat,12.1,19.14,4.9,Urea,30.62
wheat,64.56,32.72,1.28,DAP,33.13
wheat,61.58,42.92,3.38,DAP,31.29
wheat,28.59,18.41,6.67,Urea,26.78
wheat,27.21,21.27,12.41,NPK 10-26-26,29.52
wheat,53.13,17.54,19.2,Urea,31.98
wheat,44.07,44.2,4.78,DAP,26.0
wheat,19.5,11.82,4.14,Urea,27.29
wheat,24.68,39.94,13.12,Urea,29.76
wheat,14.17,11.67,0.95,Urea,24.04
wheat,34.08,35.16,31.32,DAP,29.1
wheat,36.11,28.74,40.28,DAP,28.82
wheat,23.11,31.1,12.27,Urea,25.29
wheat,32.8,40.22,16.17,DAP,26.79
wheat,62.99,15.85,3.78,NPK 10-26-26,30.4
wheat,54.87,23.91,3.54,NPK 10-26-26,32.12
wheat,47.07,36.31,3.61,DAP,27.86
wheat,52.99,17.97,65.51,Urea,26.91
wheat,25.04,14.89,7.42,NPK 10-26-26,30.07
wheat,53.98,13.8,20.92,Urea,26.9
wheat,62.62,16.33,23.94,NPK 10-26-26,30.3
wheat,46.59,24.24,5.71,NPK 10-26-26,30.86
wheat,17.33,13.94,1.13,Urea,34.96
wheat,54.63,34.92,0.9,DAP,26.52
wheat,64.22,41.75,17.97,DAP,29.36
wheat,65.57,38.4,26.45,DAP,23.68
wheat,23.07,21.45,14.85,Urea,30.91
wheat,20.36,19.05,9.47,Urea,30.43
wheat,65.39,36.18,16.47,DAP,24.68
wheat,44.96,27.08,3.1,Urea,32.12
wheat,15.69,21.26,0.29,Urea,37.63
wheat,16.64,38.42,26.53,Urea,30.91
wheat,57.6,33.48,16.62,DAP,31.54
wheat,50.04,27.99,6.77,NPK 10-26-26,30.18
wheat,36.0,19.68,55.15,Urea,23.47
wheat,28.56,15.66,25.97,Urea,25.48
wheat,32.57,26.37,8.16,DAP,30.22
wheat,53.96,31.49,3.47,DAP,28.85
wheat,51.48,34.33,8.43,DAP,28.37
wheat,51.46,28.24,56.54,DAP,30.01
wheat,39.47,16.81,20.79,Urea,25.6
wheat,38.86,33.59,8.56,DAP,26.99
wheat,51.78,11.85,25.48,NPK 10-26-26,29.27
wheat,45.57,41.37,1.73,DAP,33.94
wheat,46.69,13.52,7.58,Urea,28.47
wheat,10.15,13.54,23.57,Urea,28.76
wheat,40.76,15.14,12.01,Urea,30.54
wheat,27.49,39.91,103.76,DAP,26.42
wheat,57.59,31.02,1.59,DAP,27.66
wheat,66.81,12.73,14.73,NPK 10-26-26,31.02
wheat,67.58,26.04,11.1,Urea,25.92
wheat,44.3,25.93,2.43,Urea,37.15
wheat,39.51,38.08,16.65,DAP,24.34
wheat,17.6,22.13,6.21,Urea,23.79
wheat,17.04,32.88,28.56,Urea,30.64
wheat,65.9,44.04,22.79,DAP,33.57
wheat,41.88,39.0,8.31,DAP,27.01
wheat,13.71,29.49,2.82,Urea,29.09
wheat,43.21,41.75,14.7,DAP,30.58
wheat,28.16,20.36,10.44,DAP,27.11
wheat,16.84,12.94,6.22,Urea,37.74
wheat,28.65,43.38,22.96,DAP,29.7
wheat,20.04,44.25,7.05,Urea,35.35
wheat,16.42,27.28,31.07,Urea,28.0
wheat,12.34,39.67,29.91,Urea,30.7
wheat,45.77,30.11,25.16,DAP,29.88
wheat,43.16,43.87,83.38,DAP,29.64
wheat,16.99,39.73,10.39,Urea,33.55
wheat,13.36,27.73,30.71,Urea,24.48
wheat,22.81,24.92,42.07,Urea,23.26
wheat,36.43,28.18,14.99,DAP,26.1
wheat,58.04,25.82,25.51,NPK 10-26-26,26.68
wheat,27.15,22.83,14.58,DAP,29.29
wheat,41.81,41.55,18.33,DAP,30.88
wheat,22.4,13.87,26.53,Urea,32.08
wheat,51.73,30.13,3.15,DAP,27.81
wheat,17.13,20.92,8.8,Urea,29.26
wheat,17.23,14.2,19.41,Urea,32.57
wheat,37.15,44.18,0.77,DAP,36.38
wheat,20.84,32.66,2.2,Urea,33.43
wheat,68.26,40.92,43.66,DAP,34.85
wheat,16.82,40.39,2.07,Urea,33.19
wheat,19.65,32.14,0.81,Urea,31.53
wheat,27.6,42.24,2.83,DAP,28.72
wheat,61.04,12.68,6.59,DAP,26.84
wheat,10.37,26.24,0.37,Urea,29.12
wheat,14.5,13.86,7.26,Urea,31.68
wheat,66.41,34.25,30.33,DAP,27.72
wheat,68.46,10.6,44.25,DAP,28.63
wheat,21.64,18.28,31.41,Urea,30.28
wheat,69.68,35.73,3.65,DAP,32.49
wheat,60.8,24.52,0.55,Urea,32.01
wheat,42.4,24.5,56.7,DAP,30.2
wheat,58.7,36.13,12.31,DAP,25.05
wheat,35.95,18.94,32.37,NPK 10-26-26,31.01
wheat,25.29,20.67,6.7,DAP,25.86
wheat,25.62,36.35,6.83,DAP,25.44
wheat,53.58,25.96,11.89,NPK 10-26-26,30.3
wheat,60.38,24.91,15.52,NPK 10-26-26,29.4
wheat,60.07,15.26,16.13,Urea,28.54
wheat,69.93,30.27,0.65,DAP,31.14
wheat,45.21,19.61,0.5,Urea,31.6
wheat,27.29,16.8,54.71,DAP,27.03
wheat,23.99,37.06,1.38,Urea,29.41
wheat,26.12,28.54,32.13,DAP,21.81
wheat,66.67,13.52,4.76,NPK 10-26-26,30.55
wheat,60.36,43.06,4.78,DAP,32.2
wheat,20.18,26.94,18.15,Urea,29.6
wheat,51.7,24.05,3.21,DAP,28.8
wheat,68.54,40.19,24.9,DAP,30.09
wheat,22.87,44.21,0.8,Urea,27.41
wheat,31.13,25.0,26.08,Urea,31.22
wheat,48.1,23.55,35.96,NPK 10-26-26,31.87
wheat,66.81,11.12,0.7,DAP,28.6
wheat,44.91,28.27,6.03,DAP,26.42
wheat,42.55,43.56,3.46,DAP,27.92
wheat,13.98,29.31,1.66,Urea,29.37
wheat,11.34,16.0,12.48,Urea,26.17
wheat,50.1,16.39,14.26,DAP,30.94
wheat,25.79,34.86,16.99,DAP,32.34
wheat,24.15,26.14,9.59,Urea,27.41
wheat,30.45,43.41,17.89,DAP,31.46
wheat,19.56,23.03,16.76,Urea,38.18
wheat,65.47,38.58,5.36,DAP,26.56
wheat,16.13,26.46,11.33,Urea,28.61
wheat,25.84,32.5,18.23,DAP,32.08
wheat,22.34,29.05,24.47,Urea,26.6
wheat,42.22,41.78,0.9,DAP,33.26
wheat,49.62,39.17,19.41,DAP,35.09
wheat,57.42,20.11,7.35,NPK 10-26-26,23.92
wheat,38.23,13.26,0.71,Urea,26.98
wheat,62.08,42.53,6.14,DAP,28.62
wheat,33.66,44.53,8.46,DAP,26.89
wheat,28.34,22.79,7.59,Urea,32.46
wheat,69.76,27.79,6.35,Urea,29.58
wheat,31.38,30.36,1.57,DAP,29.03
wheat,23.9,28.97,3.72,Urea,23.16
wheat,49.01,41.65,1.34,DAP,30.57
wheat,47.89,12.75,9.99,NPK 10-26-26,27.71
wheat,28.81,33.28,27.45,DAP,26.01
wheat,68.92,37.44,34.13,DAP,23.29
wheat,36.33,18.19,7.96,NPK 10-26-26,26.52
wheat,61.0,31.11,2.36,DAP,25.72
wheat,53.59,17.26,8.51,Urea,26.77
wheat,54.05,42.83,11.3,DAP,24.62
wheat,10.6,21.85,7.63,Urea,26.72
wheat,47.96,14.24,4.77,NPK 10-26-26,23.25
wheat,53.73,25.45,6.2,NPK 10-26-26,28.75
wheat,21.68,16.45,5.09,Urea,27.62
wheat,24.9,33.97,3.1,Urea,29.92
wheat,35.94,32.47,52.29,DAP,29.08
wheat,18.26,24.65,28.48,Urea,29.47
wheat,18.61,41.55,2.88,Urea,31.01
wheat,31.17,23.14,8.89,DAP,30.91
wheat,11.33,29.77,20.64,Urea,31.62
wheat,36.68,43.07,26.04,DAP,27.32
wheat,49.14,41.91,7.16,DAP,29.53
wheat,60.29,20.96,12.66,Urea,29.56
wheat,60.12,31.55,15.07,DAP,24.59
wheat,42.46,42.45,40.3,DAP,23.18
wheat,37.58,16.53,15.17,DAP,29.38
wheat,15.93,25.17,2.02,Urea,33.96
wheat,51.0,19.82,16.8,DAP,27.66
wheat,36.84,33.07,0.78,DAP,23.32
wheat,29.57,43.63,3.03,DAP,28.81
wheat,28.67,27.85,29.82,Urea,25.8
wheat,33.06,11.94,24.9,DAP,26.54
wheat,59.44,29.42,5.25,DAP,27.42
wheat,50.02,25.65,40.79,Urea,25.49
wheat,48.65,10.71,19.34,Urea,25.88
wheat,32.89,22.47,6.99,Urea,26.4
wheat,49.12,35.81,0.04,DAP,32.68
wheat,42.23,37.51,12.17,DAP,34.33
wheat,61.43,18.14,24.6,NPK 10-26-26,29.25
wheat,55.84,12.93,2.63,DAP,29.87
wheat,14.77,27.29,6.71,Urea,32.03
wheat,54.02,22.81,7.78,Urea,32.9
wheat,66.28,35.34,12.01,DAP,27.15
wheat,53.83,24.37,4.92,NPK 10-26-26,32.87
wheat,37.56,29.79,17.77,DAP,30.06
wheat,31.27,43.3,15.21,DAP,29.72
wheat,57.26,34.49,3.45,DAP,29.49
wheat,40.66,34.58,9.72,DAP,28.06
wheat,28.73,19.98,19.67,NPK 10-26-26,31.29
wheat,57.81,22.13,22.33,NPK 10-26-26,30.18
wheat,51.15,29.61,3.42,DAP,28.17
wheat,35.26,17.08,7.37,DAP,30.5
wheat,27.71,36.92,7.51,DAP,26.43
wheat,32.62,10.28,21.32,NPK 10-26-26,31.01
wheat,33.25,30.17,26.71,DAP,30.67
wheat,45.77,41.27,2.83,DAP,27.17
wheat,35.24,39.15,0.29,DAP,27.54
wheat,55.17,33.02,13.05,DAP,25.67
wheat,41.79,39.52,4.02,DAP,25.46
wheat,45.76,18.77,6.09,Urea,28.41
wheat,11.61,13.22,17.37,Urea,32.21
wheat,51.68,10.28,14.38,DAP,28.38
wheat,44.78,13.9,3.64,NPK 10-26-26,25.71
wheat,36.26,39.96,2.75,DAP,31.29
wheat,25.93,25.59,18.68,Urea,33.06
wheat,58.89,42.46,18.2,DAP,27.64
wheat,24.71,27.7,0.49,Urea,31.24
wheat,50.01,42.55,17.44,DAP,35.06
wheat,29.23,16.96,28.93,NPK 10-26-26,31.56
wheat,12.78,29.24,9.44,Urea,31.74
wheat,65.67,19.01,4.72,NPK 10-26-26,29.5
wheat,52.07,14.28,31.11,NPK 10-26-26,30.29
wheat,14.99,42.03,7.77,Urea,24.27
wheat,37.64,18.81,7.05,NPK 10-26-26,26.45
wheat,32.88,19.19,0.69,DAP,28.29
wheat,50.71,30.39,12.08,DAP,29.99
wheat,61.56,13.56,6.39,Urea,32.13
wheat,63.81,11.84,2.29,Urea,31.8
wheat,47.15,11.18,7.59,Urea,32.53
wheat,43.37,24.16,8.41,DAP,23.98
wheat,23.82,18.86,42.16,Urea,33.62
wheat,46.74,20.0,15.9,NPK 10-26-26,26.8
wheat,45.55,13.49,80.0,DAP,26.28
wheat,17.99,17.15,21.83,Urea,30.35
wheat,27.72,10.75,43.28,Urea,31.78
wheat,31.56,12.01,15.31,Urea,33.81
wheat,21.9,26.54,10.15,Urea,33.52
wheat,23.71,24.81,12.22,Urea,26.0
wheat,63.32,21.41,2.15,Urea,27.57
wheat,35.48,10.62,0.51,Urea,29.91
wheat,18.45,39.87,13.33,Urea,29.87
wheat,50.42,31.33,0.74,DAP,30.12
wheat,62.34,24.62,12.31,DAP,30.22
wheat,49.69,39.68,20.9,DAP,26.29
wheat,36.98,31.45,17.48,DAP,19.94
wheat,48.71,29.51,15.49,DAP,33.74
wheat,46.77,35.17,15.44,DAP,34.98
wheat,36.97,18.46,0.02,Urea,29.65
wheat,45.48,29.14,12.21,DAP,26.68
wheat,29.15,39.85,3.73,DAP,33.38
wheat,20.81,10.55,3.55,Urea,37.48
wheat,25.27,12.53,20.48,Urea,33.08
wheat,19.84,10.91,1.41,Urea,22.85
wheat,63.32,25.86,5.68,NPK 10-26-26,31.84
wheat,51.85,11.83,11.46,Urea,27.3
wheat,44.39,44.43,5.16,DAP,30.54
wheat,57.66,27.17,0.61,DAP,29.02
wheat,38.36,27.36,24.85,Urea,29.1
wheat,23.59,14.52,43.78,Urea,32.0
wheat,39.96,26.62,1.75,NPK 10-26-26,31.63
wheat,63.42,44.27,10.23,DAP,28.05
wheat,28.69,17.98,5.72,NPK 10-26-26,30.98
wheat,57.22,21.0,1.33,DAP,25.52
wheat,40.64,24.58,3.71,DAP,27.94
wheat,21.29,17.42,6.24,Urea,29.73
wheat,57.34,35.34,3.09,DAP,28.71
wheat,64.57,38.98,2.68,DAP,27.83
wheat,14.85,32.99,15.91,Urea,30.9
wheat,15.7,21.16,74.04,Urea,32.49
wheat,22.78,12.76,4.86,Urea,31.7
wheat,24.93,18.21,3.21,Urea,23.55
wheat,59.22,16.44,9.37,Urea,31.37
wheat,56.47,42.82,2.29,DAP,24.67
wheat,61.65,27.09,0.41,NPK 10-26-26,26.53
rice,33.32,28.59,33.63,Urea,37.45
rice,25.79,21.83,1.7,Urea,37.61
rice,51.83,17.26,39.08,NPK 14-35-14,37.08
rice,23.35,34.82,1.33,Urea,37.31
rice,54.5,34.27,4.33,Urea,43.95
rice,62.59,39.82,50.24,NPK 14-35-14,41.94
rice,44.88,41.8,24.79,NPK 14-35-14,39.91
rice,57.89,14.45,7.56,Urea,41.57
rice,35.92,28.48,4.78,Urea,39.77
rice,35.45,39.74,5.61,Urea,42.66
rice,59.05,14.28,3.03,NPK 14-35-14,39.8
rice,24.83,44.08,7.59,Urea,39.77
rice,45.94,18.45,10.11,NPK 14-35-14,48.35
rice,50.31,25.1,1.84,DAP,42.39
rice,59.89,26.22,20.06,DAP,39.86
rice,11.53,35.45,26.67,Urea,40.55
rice,17.5,14.74,25.91,Urea,38.83
rice,46.05,15.61,3.55,DAP,36.05
rice,40.57,27.88,25.25,Urea,36.85
rice,63.09,35.33,16.62,NPK 14-35-14,36.71
rice,57.92,19.0,14.44,DAP,42.14
rice,41.07,32.91,11.25,Urea,34.51
rice,14.0,28.06,6.37,Urea,41.05
rice,39.14,26.32,15.95,Urea,40.4
rice,16.21,18.87,37.7,Urea,41.91
rice,55.86,39.4,5.18,NPK 14-35-14,36.92
rice,65.86,29.35,17.89,DAP,35.79
rice,33.17,15.6,1.54,Urea,37.62
rice,41.26,35.21,18.16,NPK 14-35-14,43.7
rice,40.98,34.2,0.74,Urea,31.85
rice,60.92,14.87,13.02,Urea,45.0
rice,58.28,35.78,38.92,NPK 14-35-14,39.46
rice,36.81,16.06,0.73,Urea,38.22
rice,43.48,16.47,0.6,Urea,38.73
rice,13.71,36.06,0.36,Urea,36.52
rice,51.79,20.84,30.95,DAP,41.81
rice,47.18,20.01,37.37,Urea,38.6
rice,15.61,17.38,4.09,Urea,37.79
rice,65.06,12.73,8.36,DAP,41.15
rice,52.17,13.04,1.87,DAP,38.98
rice,67.79,34.75,1.25,Urea,36.46
rice,40.39,22.63,22.95,NPK 14-35-14,35.75
rice,12.1,36.92,19.24,Urea,40.37
rice,22.26,29.08,21.75,Urea,44.79
rice,63.74,37.64,3.26,NPK 14-35-14,35.0
rice,10.55,17.01,1.8,Urea,42.97
rice,60.56,19.05,5.03,NPK 14-35-14,43.31
rice,60.5,14.64,16.17,Urea,43.46
rice,14.65,30.76,3.15,Urea,42.83
rice,35.46,42.05,10.34,Urea,38.92
rice,33.93,36.26,1.14,Urea,40.76
rice,39.22,37.66,37.2,Urea,37.95
rice,33.3,30.87,10.42,Urea,39.37
rice,56.35,19.29,3.51,NPK 14-35-14,41.06
rice,44.58,43.33,8.77,NPK 14-35-14,42.07
rice,20.61,30.72,11.65,Urea,45.27
rice,39.63,27.97,2.69,Urea,46.94
rice,39.37,27.1,1.21,Urea,37.6
rice,21.45,21.23,8.15,Urea,43.11
rice,19.55,10.53,8.95,Urea,40.8
rice,35.93,29.32,26.87,Urea,44.3
rice,50.79,19.29,6.01,Urea,43.36
rice,45.32,17.82,28.18,DAP,46.24
rice,18.8,39.43,2.37,Urea,38.62
rice,63.48,25.73,11.97,Urea,43.13
rice,22.64,29.1,2.97,Urea,38.16
rice,30.84,42.6,2.37,Urea,43.66
rice,17.24,21.41,12.42,Urea,45.22
rice,21.23,38.02,53.72,Urea,38.19
rice,37.3,36.17,4.96,Urea,38.35
rice,11.19,28.94,47.06,Urea,35.93
rice,68.13,34.31,19.05,Urea,34.47
rice,68.48,34.11,33.81,NPK 14-35-14,43.3
rice,19.38,22.03,19.36,Urea,38.69
rice,10.94,20.13,15.39,Urea,38.26
rice,39.16,24.77,1.68,Urea,37.22
rice,66.29,11.55,20.78,NPK 14-35-14,40.18
rice,32.27,32.61,6.61,Urea,39.48
rice,50.43,35.52,17.59,NPK 14-35-14,40.96
rice,26.8,11.01,8.04,Urea,37.63
rice,36.01,26.35,18.3,Urea,36.69
rice,13.63,34.04,12.58,Urea,36.57
rice,30.97,34.68,11.56,Urea,43.42
rice,48.18,33.1,5.12,NPK 14-35-14,30.71
rice,37.93,42.43,0.15,Urea,38.73
rice,56.18,21.2,27.53,DAP,39.19
rice,46.41,40.13,0.23,NPK 14-35-14,38.91
rice,39.78,26.54,5.58,Urea,40.54
rice,62.22,15.97,6.52,DAP,38.6
rice,41.24,39.02,0.61,NPK 14-35-14,38.89
rice,69.73,31.08,57.91,Urea,42.37
rice,36.0,26.06,52.39,Urea,34.14
rice,27.77,31.96,8.17,Urea,39.95
rice,58.8,13.46,1.08,Urea,37.84
rice,46.98,18.18,11.73,DAP,40.7
rice,68.65,18.29,6.59,NPK 14-35-14,36.64
rice,37.48,40.26,39.06,Urea,39.14
rice,17.15,12.82,2.55,Urea,42.87
rice,24.99,27.1,18.13,Urea,39.9
rice,41.09,28.26,11.63,DAP,40.85
rice,51.39,34.09,18.3,DAP,45.57
rice,28.9,22.24,21.55,Urea,44.48
rice,44.96,15.22,27.27,NPK 14-35-14,41.39
rice,63.31,39.8,8.52,NPK 14-35-14,38.53
rice,55.52,13.42,0.62,DAP,40.16
rice,35.52,41.17,8.42,Urea,36.06
rice,42.03,43.44,5.34,NPK 14-35-14,42.73
rice,26.65,39.12,1.51,Urea,38.07
rice,16.68,41.55,11.67,Urea,37.21
rice,19.98,39.22,6.66,Urea,42.22
rice,37.3,10.98,7.31,Urea,41.92
rice,51.93,34.23,10.59,DAP,41.61
rice,39.34,37.93,12.62,Urea,40.84
rice,51.36,33.37,8.95,DAP,42.43
rice,14.18,40.09,22.56,Urea,42.39
rice,10.76,17.6,1.01,Urea,37.73
rice,56.81,36.46,25.2,NPK 14-35-14,40.0
rice,52.29,15.44,15.74,NPK 14-35-14,39.43
rice,35.87,25.19,10.34,Urea,40.27
rice,48.2,40.99,17.02,NPK 14-35-14,40.34
rice,59.13,29.73,11.17,DAP,38.04
rice,12.93,40.73,1.25,Urea,41.15
rice,18.9,10.77,14.85,Urea,40.66
rice,63.22,24.38,6.97,NPK 14-35-14,40.11
rice,45.59,28.86,16.32,DAP,42.91
rice,58.57,37.49,9.19,NPK 14-35-14,39.56
rice,12.25,27.23,34.31,Urea,41.83
rice,50.63,30.55,19.13,DAP,42.69
rice,60.72,34.37,22.13,DAP,37.45
rice,15.66,24.98,61.35,Urea,36.07
rice,29.73,40.68,27.79,Urea,42.72
rice,14.54,26.2,68.0,Urea,41.22
rice,56.18,43.67,22.69,NPK 14-35-14,41.14
rice,55.63,28.31,38.7,Urea,42.07
rice,60.63,33.56,5.45,Urea,41.62
rice,43.07,17.23,6.24,Urea,36.84
rice,65.49,42.21,5.09,NPK 14-35-14,42.59
rice,58.53,29.98,0.16,Urea,42.21
rice,16.4,14.09,13.96,Urea,35.93
rice,63.92,30.77,3.49,DAP,43.03
rice,11.74,11.42,14.23,Urea,39.18
rice,43.27,37.99,14.14,NPK 14-35-14,44.03
rice,23.49,31.46,14.84,Urea,42.2
rice,68.15,16.91,45.27,NPK 14-35-14,44.27
rice,27.25,27.25,15.05,Urea,39.29
rice,21.07,27.23,6.2,Urea,33.57
rice,37.31,22.16,14.85,Urea,34.18
rice,33.5,38.13,32.62,Urea,37.28
rice,24.92,39.27,9.21,Urea,39.28
rice,40.2,32.35,2.81,DAP,39.33
rice,32.34,23.01,3.25,Urea,40.98
rice,56.2,43.92,22.27,NPK 14-35-14,38.43
rice,24.6,11.4,63.44,Urea,36.15
rice,64.36,30.48,3.63,Urea,36.74
rice,50.24,11.74,11.78,NPK 14-35-14,38.5
rice,58.32,14.88,8.14,Urea,40.68
rice,14.83,29.66,0.21,Urea,37.82
rice,34.31,11.4,27.05,Urea,39.55
rice,22.58,21.49,30.61,Urea,37.56
rice,14.31,35.05,7.43,Urea,42.13
rice,55.96,25.59,6.37,DAP,39.75
rice,51.37,41.73,47.84,NPK 14-35-14,39.49
rice,11.55,44.65,5.84,Urea,38.96
rice,13.77,23.24,29.38,Urea,41.11
rice,23.25,15.39,36.09,Urea,37.22
rice,32.48,26.42,8.35,Urea,43.32
rice,40.9,30.38,9.4,DAP,43.98
rice,68.95,12.1,10.04,Urea,31.96
rice,48.29,30.58,3.91,Urea,41.8
rice,49.22,19.74,9.61,DAP,39.29
rice,35.0,22.38,11.16,Urea,43.99
rice,49.25,20.77,2.03,Urea,45.96
rice,49.37,44.43,12.69,NPK 14-35-14,45.48
rice,16.94,24.06,9.2,Urea,33.9
rice,60.92,36.55,13.8,NPK 14-35-14,36.76
rice,30.87,33.79,4.58,Urea,38.42
rice,35.61,23.54,21.76,Urea,41.05
rice,30.5,25.16,2.32,Urea,42.03
rice,20.09,15.75,2.1,Urea,38.5
rice,16.71,32.41,69.69,Urea,38.39
rice,62.75,11.6,8.25,Urea,37.56
rice,54.03,44.82,25.65,NPK 14-35-14,40.54
rice,43.34,26.97,27.03,NPK 14-35-14,39.36
rice,21.19,13.58,5.4,Urea,37.12
rice,61.63,10.6,5.19,DAP,41.21
rice,47.86,27.99,18.5,NPK 14-35-14,41.53
rice,60.48,33.7,17.95,Urea,42.39
rice,50.76,14.93,8.8,NPK 14-35-14,34.89
rice,40.97,21.65,4.86,Urea,38.1
rice,51.64,31.09,3.06,DAP,41.72
rice,61.82,20.98,4.22,Urea,44.67
rice,55.48,31.63,23.2,Urea,40.56
rice,62.87,31.52,25.92,DAP,40.62
rice,16.92,22.12,34.4,Urea,39.72
rice,53.39,11.02,0.35,DAP,41.29
rice,29.81,28.75,2.21,Urea,41.53
rice,42.31,15.11,12.08,NPK 14-35-14,39.01
rice,62.54,17.32,14.77,DAP,41.18
rice,20.25,11.28,3.08,Urea,38.47
rice,62.35,28.36,0.34,Urea,44.28
rice,28.45,29.58,40.49,Urea,39.27
rice,50.54,37.54,47.5,NPK 14-35-14,39.69
rice,19.47,23.72,27.88,Urea,41.45
rice,26.16,19.94,1.99,Urea,43.57
rice,65.31,16.05,12.76,DAP,47.0
rice,64.85,27.71,11.77,Urea,43.89
rice,33.95,38.27,50.93,Urea,43.7
rice,41.97,31.87,66.45,Urea,41.78
rice,65.96,41.31,3.16,NPK 14-35-14,43.43
rice,15.74,22.41,4.34,Urea,35.27
rice,64.93,39.84,13.01,NPK 14-35-14,42.31
rice,65.95,43.93,2.01,NPK 14-35-14,40.11
rice,19.63,33.69,11.69,Urea,42.41
rice,45.62,38.21,8.36,NPK 14-35-14,39.12
rice,16.8,25.18,9.17,Urea,37.15
rice,69.48,18.54,3.32,Urea,40.37
rice,62.36,20.55,2.6,NPK 14-35-14,41.58
rice,39.86,19.62,16.98,Urea,41.97
rice,12.31,29.89,7.62,Urea,40.02
rice,43.14,34.93,9.94,DAP,41.27
rice,42.24,43.05,7.91,NPK 14-35-14,41.45
rice,54.16,42.78,48.19,NPK 14-35-14,43.02
rice,68.14,31.9,7.28,DAP,41.73
rice,63.39,28.33,11.55,Urea,39.55
rice,37.34,22.72,14.9,Urea,36.78
rice,60.22,20.15,3.1,DAP,41.94
rice,64.58,17.89,3.15,DAP,40.3
rice,27.42,38.98,16.72,Urea,37.74
rice,68.24,18.92,9.98,DAP,42.39
rice,27.62,36.36,3.71,Urea,39.33
rice,39.9,38.86,25.42,Urea,41.62
rice,22.69,26.88,9.95,Urea,41.47
rice,63.43,20.39,40.21,NPK 14-35-14,44.13
rice,35.66,34.56,8.55,Urea,40.25
rice,35.06,36.61,2.88,Urea,36.54
rice,31.55,18.06,12.99,Urea,37.97
rice,57.89,37.53,6.8,NPK 14-35-14,40.08
rice,33.96,39.24,19.63,Urea,40.4
rice,54.96,16.86,9.48,NPK 14-35-14,36.48
rice,35.04,40.18,3.59,Urea,41.77
rice,33.43,21.13,2.46,Urea,37.07
rice,65.42,35.94,5.7,NPK 14-35-14,37.7
rice,55.8,10.77,11.21,NPK 14-35-14,44.3
rice,56.45,31.25,0.34,DAP,37.91
rice,10.86,35.64,13.61,Urea,36.15
rice,14.42,42.95,10.22,Urea,37.25
rice,15.13,40.4,4.9,Urea,38.03
rice,43.87,12.59,9.86,DAP,37.34
rice,21.29,21.59,7.57,Urea,42.32
rice,33.67,12.42,6.41,Urea,40.48
rice,21.41,32.81,0.45,Urea,41.18
rice,26.64,29.28,1.83,Urea,34.58
rice,66.57,20.18,38.46,DAP,37.22
rice,56.85,22.73,19.98,Urea,39.21
rice,50.43,30.61,12.88,DAP,43.02
rice,25.94,42.75,9.19,Urea,49.2
rice,17.66,25.14,2.04,Urea,48.68
rice,30.27,12.51,43.1,Urea,40.36
rice,56.4,39.36,6.86,NPK 14-35-14,39.73
rice,22.07,14.35,6.35,Urea,44.83
rice,18.25,44.94,0.76,Urea,34.8
rice,28.04,30.0,2.44,Urea,33.61
rice,57.03,21.64,13.42,DAP,35.35
rice,40.19,36.91,31.5,NPK 14-35-14,44.52
rice,16.23,23.47,22.45,Urea,34.4
rice,34.68,31.1,128.15,Urea,37.72
rice,39.58,17.3,2.67,Urea,40.22
rice,42.67,17.18,17.83,DAP,38.31
rice,29.94,25.93,11.43,Urea,48.97
rice,60.5,15.95,5.7,DAP,42.11
rice,43.63,30.42,9.75,DAP,40.65
rice,69.83,29.81,0.68,NPK 14-35-14,35.84
rice,50.98,18.79,10.39,Urea,44.86
rice,42.82,18.98,16.68,Urea,38.83
rice,22.19,12.36,2.82,Urea,39.93
rice,62.04,39.71,10.75,NPK 14-35-14,41.03
rice,52.4,16.75,17.49,DAP,36.6
rice,65.48,13.63,11.75,Urea,38.62
rice,28.25,32.9,10.03,Urea,44.26
rice,66.85,11.44,37.67,DAP,36.09
rice,64.2,18.09,1.35,DAP,39.29
rice,42.08,10.71,2.59,Urea,43.08
rice,21.32,34.12,1.02,Urea,46.19
rice,55.96,25.88,14.93,Urea,38.8
rice,13.14,36.0,2.84,Urea,39.85
rice,61.94,15.28,0.19,NPK 14-35-14,38.53
rice,19.1,13.22,4.11,Urea,40.9
rice,11.74,31.62,2.27,Urea,38.13
rice,66.71,42.66,3.83,NPK 14-35-14,39.01
rice,65.91,28.3,0.66,NPK 14-35-14,40.24
rice,14.61,23.75,16.63,Urea,33.06
rice,17.15,18.57,1.58,Urea,38.2
rice,58.45,14.73,13.57,NPK 14-35-14,41.9
rice,37.42,24.01,13.48,Urea,36.27
rice,39.48,20.62,12.28,Urea,37.93
rice,21.18,29.62,30.17,Urea,39.84
rice,62.97,12.45,8.15,Urea,41.27
rice,54.65,41.62,0.13,NPK 14-35-14,38.31
rice,23.0,38.95,16.66,Urea,44.17
rice,12.14,27.97,14.11,Urea,45.86
rice,21.48,19.57,15.34,Urea,43.43
rice,30.54,19.33,62.86,Urea,39.7
rice,64.67,11.01,22.09,Urea,36.97
rice,29.01,42.68,23.41,Urea,45.09
rice,16.87,14.2,38.37,Urea,40.72
rice,23.61,11.23,0.92,Urea,38.4
rice,32.41,12.72,13.62,Urea,36.2
rice,54.57,27.15,8.44,Urea,44.43
rice,46.03,19.02,6.08,DAP,43.39
rice,29.82,14.4,9.68,Urea,37.32
rice,55.06,23.22,30.51,Urea,38.34
rice,16.51,36.23,5.46,Urea,41.44
rice,67.09,35.0,5.93,NPK 14-35-14,40.62
rice,14.75,14.12,2.9,Urea,34.47
rice,56.48,27.99,0.16,NPK 14-35-14,42.29
rice,12.75,17.11,12.33,Urea,42.82
rice,29.36,38.81,23.06,Urea,40.46
rice,31.12,31.21,1.4,Urea,42.85
rice,10.58,10.6,7.85,Urea,38.28
rice,46.92,44.83,2.94,NPK 14-35-14,38.64
rice,42.79,14.19,40.83,DAP,38.9
rice,58.36,17.33,5.2,DAP,41.92
rice,24.43,24.23,30.13,Urea,43.09
rice,63.56,16.54,14.5,Urea,38.59
rice,33.34,44.94,56.27,Urea,39.41
rice,57.09,41.92,18.7,NPK 14-35-14,42.75
rice,35.37,12.3,24.89,Urea,39.59
rice,19.11,21.43,13.11,Urea,41.35
rice,29.02,31.37,51.1,Urea,36.58
rice,66.15,29.8,2.06,Urea,44.25
rice,59.94,30.08,9.41,DAP,37.36
rice,14.43,35.84,23.78,Urea,38.6
rice,34.56,23.86,46.26,Urea,39.67
rice,56.85,31.79,2.51,DAP,40.52
rice,20.65,20.33,14.33,Urea,35.9
rice,42.38,13.05,20.14,Urea,35.17
rice,63.44,35.07,92.38,NPK 14-35-14,43.05
rice,51.86,34.2,5.91,Urea,38.61
rice,13.91,43.71,6.44,Urea,38.48
rice,47.97,44.43,31.4,NPK 14-35-14,42.78
rice,19.62,29.16,6.43,Urea,34.33
rice,30.16,28.99,3.2,Urea,37.74
rice,42.24,19.76,5.12,DAP,39.75
rice,34.45,26.98,16.59,Urea,38.99
rice,32.18,17.46,32.43,Urea,33.94
rice,26.62,21.75,15.28,Urea,41.78
rice,21.44,41.95,9.41,Urea,43.38
rice,10.98,25.11,6.58,Urea,37.78
rice,30.29,21.8,0.48,Urea,39.84
rice,69.32,10.78,2.74,NPK 14-35-14,39.84
rice,23.66,31.78,0.18,Urea,46.66
rice,65.09,23.35,21.73,Urea,39.48
rice,22.85,31.88,10.79,Urea,34.74
rice,50.42,30.02,65.14,DAP,47.97
rice,10.64,40.16,9.0,Urea,41.39
rice,50.76,27.06,0.62,Urea,36.5
rice,33.85,24.82,39.05,Urea,42.09
rice,52.44,42.29,18.73,NPK 14-35-14,36.95
rice,45.07,41.59,26.5,NPK 14-35-14,44.34
rice,41.34,21.18,2.34,NPK 14-35-14,35.83
rice,65.22,24.96,6.81,Urea,45.88
rice,47.37,15.35,27.94,NPK 14-35-14,40.94
rice,49.17,18.13,8.61,DAP,37.07
rice,28.6,36.18,12.21,Urea,36.53
rice,62.98,20.76,17.66,DAP,38.89
rice,34.03,14.56,6.46,Urea,39.63
rice,57.47,31.92,8.84,DAP,40.32
rice,46.69,12.41,29.98,NPK 14-35-14,42.12
rice,46.9,44.27,13.58,NPK 14-35-14,38.75
rice,13.62,37.92,0.53,Urea,45.12
rice,52.04,10.8,29.74,NPK 14-35-14,45.17
rice,59.76,11.21,5.91,DAP,42.15
rice,28.68,25.33,6.67,Urea,35.44
rice,69.32,27.53,3.24,DAP,41.15
rice,23.88,16.64,3.88,Urea,40.69
rice,56.12,23.2,35.98,Urea,41.43
rice,59.69,32.35,34.28,NPK 14-35-14,42.34
rice,57.45,29.72,1.19,DAP,40.63
rice,41.59,16.45,32.09,NPK 14-35-14,41.81
rice,20.99,31.21,3.57,Urea,40.19
rice,46.84,35.29,19.22,NPK 14-35-14,41.04
rice,14.64,22.01,17.43,Urea,40.93
rice,39.92,16.67,12.07,Urea,34.87
rice,58.59,24.27,0.4,Urea,35.69
rice,35.56,41.13,4.02,Urea,40.45
rice,63.16,22.77,15.65,Urea,37.83
rice,43.51,37.54,30.26,NPK 14-35-14,39.14
rice,48.38,11.22,17.6,NPK 14-35-14,37.65
rice,32.46,26.23,14.09,Urea,43.01
rice,42.1,14.57,23.96,DAP,38.82
rice,26.12,44.45,28.88,Urea,35.73
rice,22.48,15.31,11.87,Urea,39.37
rice,65.2,44.71,5.08,NPK 14-35-14,42.4
rice,39.34,33.3,6.96,Urea,44.88
rice,66.67,34.69,21.05,NPK 14-35-14,34.16
rice,16.12,12.2,6.44,Urea,39.73
rice,58.28,42.16,34.06,NPK 14-35-14,35.48
rice,57.88,17.48,4.66,NPK 14-35-14,40.44
rice,17.27,16.44,46.3,Urea,42.67
rice,14.35,41.34,8.8,Urea,42.71
cotton,49.58,43.59,1.58,Potash (MOP),25.57
cotton,39.97,18.83,36.3,DAP,27.42
cotton,22.38,29.28,1.76,DAP,26.11
cotton,16.67,11.11,16.04,DAP,23.59
cotton,46.61,34.79,16.2,Potash (MOP),26.47
cotton,17.77,39.5,20.61,DAP,25.59
cotton,22.09,21.95,50.99,Potash (MOP),33.02
cotton,17.83,32.36,9.72,DAP,28.46
cotton,69.24,35.11,16.07,Potash (MOP),27.59
cotton,37.31,26.17,8.39,DAP,28.65
cotton,35.69,39.49,24.56,Potash (MOP),26.68
cotton,29.44,31.31,31.34,Potash (MOP),32.66
cotton,16.51,24.99,9.37,DAP,26.4
cotton,43.92,13.36,26.98,Urea,27.29
cotton,63.96,15.81,16.32,Potash (MOP),30.87
cotton,44.64,31.09,15.33,DAP,20.5
cotton,18.6,10.91,4.06,DAP,25.32
cotton,53.75,18.82,7.55,DAP,29.8
cotton,31.64,26.87,5.18,Potash (MOP),20.39
cotton,51.69,38.62,11.79,Potash (MOP),26.91
cotton,11.93,31.66,0.85,DAP,32.12
cotton,21.87,38.68,36.3,Potash (MOP),30.41
cotton,58.79,20.68,13.25,Potash (MOP),28.69
cotton,19.75,44.5,9.36,DAP,23.56
cotton,45.84,15.61,5.12,Urea,31.88
cotton,26.15,32.87,5.16,Urea,28.26
cotton,46.3,14.26,11.93,DAP,33.28
cotton,14.37,42.85,9.21,DAP,27.54
cotton,66.3,13.76,44.91,Potash (MOP),31.19
cotton,14.69,43.01,1.57,DAP,34.11
cotton,61.29,10.01,32.09,DAP,24.41
cotton,65.87,34.0,18.42,Potash (MOP),28.94
cotton,23.95,40.83,11.57,Potash (MOP),26.19
cotton,55.33,30.11,0.74,Potash (MOP),29.55
cotton,21.03,22.57,7.25,Potash (MOP),20.68
cotton,25.42,36.29,6.22,Potash (MOP),27.81
cotton,35.69,24.13,18.71,Urea,26.45
cotton,56.75,32.43,0.94,Potash (MOP),33.66
cotton,23.29,13.02,8.09,Urea,24.64
cotton,64.57,39.29,16.41,Potash (MOP),22.88
cotton,26.01,14.1,0.24,Potash (MOP),29.94
cotton,50.0,34.46,34.01,Potash (MOP),26.54
cotton,36.9,32.99,20.48,Potash (MOP),25.17
cotton,23.59,41.42,58.45,Potash (MOP),26.76
cotton,48.86,42.09,15.44,Potash (MOP),28.38
cotton,25.17,23.72,15.57,DAP,25.56
cotton,25.03,21.71,6.27,DAP,27.89
cotton,27.11,42.73,17.61,Potash (MOP),30.58
cotton,23.24,31.51,30.64,Potash (MOP),22.12
cotton,44.12,25.81,8.56,Potash (MOP),27.36
cotton,51.77,43.62,2.87,Potash (MOP),29.77
cotton,53.94,22.05,16.37,DAP,22.33
cotton,53.59,34.89,7.22,Potash (MOP),26.76
cotton,22.32,22.75,15.75,Potash (MOP),28.86
cotton,17.92,38.48,25.14,DAP,31.9
cotton,20.91,15.94,29.79,DAP,28.97
cotton,24.76,34.11,33.37,Potash (MOP),23.18
cotton,38.99,36.33,1.05,Potash (MOP),31.24
cotton,23.03,26.19,13.9,DAP,27.82
cotton,53.32,37.07,2.43,Potash (MOP),25.87
cotton,36.65,16.19,16.28,Urea,25.73
cotton,18.33,14.03,5.35,DAP,23.09
cotton,69.72,21.43,41.34,Urea,27.62
cotton,25.39,29.73,1.2,Potash (MOP),28.19
cotton,65.52,40.61,6.27,Potash (MOP),27.03
cotton,49.08,28.72,9.22,Potash (MOP),27.32
cotton,20.07,10.34,1.14,DAP,28.1
cotton,32.9,20.08,5.04,Potash (MOP),28.28
cotton,22.27,34.07,6.44,Potash (MOP),29.76
cotton,12.24,27.51,28.91,DAP,27.56
cotton,45.28,19.69,7.6,Potash (MOP),27.76
cotton,32.89,14.83,60.11,Potash (MOP),24.32
cotton,25.9,17.74,3.27,DAP,25.55
cotton,65.98,36.45,23.39,Potash (MOP),25.23
cotton,16.29,39.27,7.87,DAP,29.02
cotton,59.33,37.25,33.11,Potash (MOP),22.73
cotton,65.69,18.33,8.27,Urea,24.35
cotton,68.98,11.47,67.71,DAP,24.47
cotton,12.35,21.44,32.89,DAP,27.29
cotton,11.88,22.98,2.84,DAP,26.43
cotton,25.13,40.72,8.59,Potash (MOP),29.37
cotton,18.53,19.08,11.85,DAP,22.76
cotton,24.25,33.77,10.14,Potash (MOP),26.22
cotton,22.24,43.1,1.32,Potash (MOP),25.38
cotton,22.7,12.83,58.97,DAP,31.76
cotton,44.43,19.29,16.52,DAP,28.31
cotton,56.09,19.27,5.58,Urea,28.92
cotton,33.23,11.2,7.73,Potash (MOP),23.09
cotton,61.34,26.35,27.02,Potash (MOP),30.66
cotton,31.18,18.41,47.06,DAP,28.54
cotton,41.53,21.6,58.68,Potash (MOP),28.05
cotton,41.24,12.58,10.77,Potash (MOP),32.96
cotton,44.3,42.82,0.11,Potash (MOP),32.53
cotton,54.7,41.67,0.07,Potash (MOP),29.18
cotton,10.02,26.53,0.45,DAP,25.35
cotton,41.32,23.3,0.69,Potash (MOP),27.37
cotton,50.42,20.21,9.17,DAP,28.38
cotton,57.52,44.77,51.77,Potash (MOP),27.58
cotton,39.37,34.37,1.76,Potash (MOP),31.51
cotton,40.32,34.59,20.54,Potash (MOP),26.74
cotton,25.21,40.65,9.24,Potash (MOP),28.74
cotton,35.07,36.26,11.91,Potash (MOP),26.52
cotton,32.91,38.35,13.17,Potash (MOP),24.85
cotton,63.73,11.24,29.84,DAP,26.76
cotton,12.23,19.08,17.83,DAP,30.1
cotton,69.75,37.9,6.27,Potash (MOP),24.73
cotton,64.04,11.79,19.37,DAP,26.3
cotton,31.76,14.47,1.94,Potash (MOP),27.33
cotton,36.13,29.58,14.86,Potash (MOP),27.21
cotton,44.31,43.76,31.26,Potash (MOP),26.95
cotton,62.56,16.16,4.62,Potash (MOP),30.08
cotton,31.77,14.38,2.33,DAP,26.95
cotton,69.44,36.49,27.2,Potash (MOP),30.62
cotton,48.73,43.12,4.96,Potash (MOP),28.1
cotton,45.72,34.15,7.49,Potash (MOP),20.12
cotton,38.32,39.85,15.55,Potash (MOP),27.08
cotton,12.69,28.98,0.26,DAP,25.45
cotton,38.32,37.95,0.71,Potash (MOP),30.83
cotton,19.51,23.93,3.92,DAP,26.95
cotton,27.82,18.19,26.59,DAP,29.02
cotton,10.85,41.71,3.86,DAP,28.88
cotton,42.21,35.13,3.48,Potash (MOP),32.87
cotton,19.54,32.82,5.15,DAP,27.37
cotton,16.7,34.0,5.48,DAP,28.81
cotton,18.92,24.8,49.96,DAP,22.2
cotton,36.67,10.42,2.14,Potash (MOP),24.43
cotton,57.12,34.4,6.57,Potash (MOP),33.44
cotton,27.85,30.46,8.69,Urea,32.73
cotton,13.38,25.14,22.57,DAP,33.56
cotton,29.61,15.65,0.2,Urea,29.72
cotton,60.05,26.67,66.06,Potash (MOP),28.04
cotton,28.01,19.35,3.68,DAP,31.7
cotton,69.84,19.88,12.85,Potash (MOP),25.34
cotton,37.72,11.23,23.53,DAP,25.81
cotton,51.16,19.38,1.97,Potash (MOP),30.98
cotton,43.56,11.6,40.31,DAP,31.59
cotton,50.6,41.53,22.37,Potash (MOP),23.99
cotton,30.92,30.43,30.68,Potash (MOP),27.9
cotton,23.58,44.14,80.03,Potash (MOP),30.53
cotton,30.29,43.87,1.61,Potash (MOP),24.14
cotton,39.86,24.98,5.92,Urea,24.62
cotton,40.29,43.31,17.99,Potash (MOP),28.29
cotton,47.05,30.12,2.97,Potash (MOP),28.65
cotton,24.54,26.5,41.73,Potash (MOP),27.1
cotton,67.87,31.29,6.09,Potash (MOP),25.02
cotton,52.38,32.36,31.67,Urea,25.96
cotton,40.06,31.15,5.41,DAP,24.19
cotton,61.18,21.11,13.68,Urea,26.24
cotton,34.71,13.39,4.04,DAP,23.93
cotton,54.93,21.01,15.05,Urea,24.04
cotton,45.96,16.55,22.86,Potash (MOP),25.4
cotton,62.55,38.89,6.38,Potash (MOP),27.81
cotton,44.01,42.63,4.75,Potash (MOP),26.52
cotton,41.4,40.94,12.03,Potash (MOP),28.07
cotton,46.98,41.77,18.85,Potash (MOP),29.73
cotton,47.98,38.13,58.12,Potash (MOP),32.56
cotton,57.72,34.76,2.18,Potash (MOP),29.24
cotton,56.23,18.09,35.06,Potash (MOP),29.83
cotton,25.22,33.21,16.8,Urea,32.94
cotton,33.15,21.89,15.1,Urea,23.99
cotton,23.36,13.95,17.2,Potash (MOP),32.94
cotton,64.87,11.27,4.19,Potash (MOP),23.92
cotton,49.01,21.27,0.63,DAP,29.1
cotton,63.03,41.87,47.83,Potash (MOP),23.14
cotton,56.4,41.71,4.01,Potash (MOP),28.48
cotton,21.22,32.29,20.58,DAP,27.96
cotton,48.81,43.96,6.34,Potash (MOP),29.28
cotton,33.01,10.05,19.74,Urea,21.28
cotton,30.7,28.28,6.69,DAP,27.39
cotton,49.94,27.73,33.17,Potash (MOP),26.82
cotton,68.98,12.03,13.14,Potash (MOP),27.73
cotton,59.51,11.17,6.66,Potash (MOP),27.19
cotton,11.01,23.66,15.94,DAP,26.19
cotton,13.4,30.58,21.18,DAP,22.75
cotton,34.8,24.71,1.39,Potash (MOP),27.07
cotton,35.74,14.27,9.16,DAP,28.18
cotton,40.97,40.56,3.45,Potash (MOP),27.79
cotton,30.71,10.62,4.34,Urea,26.72
cotton,60.7,26.63,2.66,Potash (MOP),26.96
cotton,33.16,34.53,0.15,Potash (MOP),29.98
cotton,30.29,20.59,30.39,Urea,25.34
cotton,39.77,41.51,5.84,Potash (MOP),25.62
cotton,49.12,34.79,22.62,Potash (MOP),21.45
cotton,68.02,31.4,19.56,DAP,31.47
cotton,54.9,43.24,10.38,Potash (MOP),25.24
cotton,63.54,18.63,0.99,DAP,27.02
cotton,36.64,30.89,5.16,Urea,27.0
cotton,45.46,28.69,42.0,Potash (MOP),31.2
cotton,52.25,33.89,7.48,Urea,25.49
cotton,51.55,13.26,41.66,Potash (MOP),26.06
cotton,19.84,22.11,25.72,DAP,31.91
cotton,40.13,35.15,2.55,Potash (MOP),22.85
cotton,65.23,32.53,4.74,Potash (MOP),26.65
cotton,60.27,15.94,17.93,Potash (MOP),27.82
cotton,61.35,40.62,13.06,Potash (MOP),31.53
cotton,54.96,24.01,1.3,Potash (MOP),27.81
cotton,32.68,38.55,2.96,Potash (MOP),26.77
cotton,35.46,28.99,6.99,Urea,25.73
cotton,53.47,20.53,0.02,Potash (MOP),28.35
cotton,40.62,44.54,5.4,Potash (MOP),27.77
cotton,11.85,15.8,7.54,DAP,25.6
cotton,35.96,21.83,1.96,Potash (MOP),26.63
cotton,39.56,22.85,9.55,Potash (MOP),23.74
cotton,24.34,22.92,13.45,Potash (MOP),33.28
cotton,44.34,12.44,12.07,Potash (MOP),33.63
cotton,39.42,40.54,11.88,Potash (MOP),24.58
cotton,38.85,42.36,19.08,Potash (MOP),29.1
cotton,42.71,29.41,14.99,Potash (MOP),28.87
cotton,66.5,42.24,32.33,Potash (MOP),28.27
cotton,58.49,39.25,12.94,Potash (MOP),25.19
cotton,11.05,44.08,9.59,DAP,22.87
cotton,35.45,18.48,5.95,Potash (MOP),22.81
cotton,32.09,28.44,28.29,Urea,24.81
cotton,19.59,23.41,2.54,DAP,27.44
cotton,67.82,43.14,6.14,Potash (MOP),29.07
cotton,58.94,31.96,0.0,Urea,34.01
cotton,16.26,10.05,9.0,DAP,28.94
cotton,65.2,11.47,7.55,DAP,25.42
cotton,29.48,16.4,33.93,Potash (MOP),25.88
cotton,28.14,35.35,2.7,Potash (MOP),26.2
cotton,41.45,19.42,26.51,Urea,30.56
cotton,32.46,39.7,2.67,Potash (MOP),29.1
cotton,26.25,11.52,6.8,Urea,28.42
cotton,46.48,23.39,65.68,DAP,33.93
cotton,48.48,37.09,7.74,Potash (MOP),30.33
cotton,67.8,17.53,12.03,DAP,30.93
cotton,22.68,16.58,9.56,Potash (MOP),20.17
cotton,44.69,19.0,6.54,DAP,24.8
cotton,44.31,34.41,16.8,Potash (MOP),29.95
cotton,25.36,15.26,6.46,Potash (MOP),25.35
cotton,44.44,27.21,19.82,Urea,22.95
cotton,31.68,10.77,46.11,Potash (MOP),26.67
cotton,59.61,12.66,6.43,Urea,29.08
cotton,20.03,26.68,14.52,Urea,28.35
cotton,68.6,43.15,6.66,Potash (MOP),26.26
cotton,11.83,10.73,7.55,DAP,24.94
cotton,66.46,40.5,10.74,Potash (MOP),27.16
cotton,22.93,10.87,21.07,Potash (MOP),27.55
cotton,60.13,31.68,20.72,Potash (MOP),29.88
cotton,53.1,22.2,13.28,DAP,28.26
cotton,52.14,37.48,10.78,Potash (MOP),27.46
cotton,67.4,36.34,2.82,Potash (MOP),31.61
cotton,59.78,29.31,62.47,Urea,26.49
cotton,24.63,20.4,12.91,Urea,29.19
cotton,32.16,32.87,12.9,Potash (MOP),25.36
cotton,21.73,15.25,0.9,Urea,23.93
cotton,50.02,12.79,28.61,DAP,23.11
cotton,46.51,35.3,7.02,Potash (MOP),27.71
cotton,45.13,27.58,3.26,Urea,27.26
cotton,64.97,43.45,39.27,Potash (MOP),21.3
cotton,25.75,18.14,5.3,Urea,24.49
cotton,47.24,36.69,19.95,Potash (MOP),23.05
cotton,58.87,11.13,0.73,Potash (MOP),20.4
cotton,51.8,41.52,5.79,Potash (MOP),27.82
cotton,37.64,18.03,3.04,DAP,31.25
cotton,42.26,28.09,35.32,Urea,28.01
cotton,15.58,12.64,27.07,DAP,25.67
cotton,32.37,36.07,10.08,Potash (MOP),29.73
cotton,19.23,18.5,53.95,DAP,28.9
cotton,38.68,36.2,16.23,Potash (MOP),25.34
cotton,36.35,22.39,21.06,Potash (MOP),22.69
cotton,55.58,29.75,29.07,Urea,28.01
cotton,48.92,35.39,11.95,Potash (MOP),32.18
cotton,64.5,24.58,5.66,Urea,23.85
cotton,31.83,34.63,2.95,Potash (MOP),23.31
cotton,46.09,15.7,11.93,DAP,24.76
cotton,67.33,30.43,0.65,DAP,24.82
cotton,45.97,19.84,5.08,Urea,27.16
cotton,12.73,41.58,11.67,DAP,30.13
cotton,57.49,40.89,51.28,Potash (MOP),29.1
cotton,36.34,43.26,19.27,Potash (MOP),28.12
cotton,51.2,41.71,7.0,Potash (MOP),26.04
cotton,45.09,10.43,6.05,Urea,25.95
cotton,41.65,17.14,1.93,DAP,29.18
cotton,14.69,14.26,22.26,DAP,29.12
cotton,56.41,40.49,3.61,Potash (MOP),26.61
cotton,45.74,13.28,3.39,DAP,28.37
cotton,54.7,32.17,17.03,Potash (MOP),28.44
cotton,49.75,21.47,7.07,Urea,26.32
cotton,51.65,39.12,8.21,Potash (MOP),22.11
cotton,63.55,14.13,18.5,Urea,26.19
cotton,28.73,19.4,8.47,Urea,22.26
cotton,48.0,38.46,5.29,Potash (MOP),29.44
cotton,50.22,41.54,0.24,Potash (MOP),24.18
cotton,61.18,28.24,14.57,DAP,23.08
cotton,25.25,27.64,25.11,DAP,26.41
cotton,45.46,28.88,8.36,Potash (MOP),30.08
cotton,68.19,21.95,23.89,Potash (MOP),28.57
cotton,47.39,22.17,14.48,Urea,32.28
cotton,60.82,15.95,6.87,Urea,31.77
cotton,36.95,22.45,17.2,Potash (MOP),30.65
cotton,14.8,38.72,12.69,DAP,27.25
cotton,11.91,41.6,0.6,DAP,25.58
cotton,14.27,41.05,21.78,DAP,27.56
cotton,21.82,31.72,23.75,Urea,30.23
cotton,35.5,42.37,2.74,Potash (MOP),30.32
cotton,26.04,12.21,23.8,Potash (MOP),25.96
cotton,54.58,26.71,7.05,DAP,25.1
cotton,24.83,19.06,31.26,Urea,29.4
cotton,18.08,36.85,14.42,DAP,27.26
cotton,59.2,31.02,49.39,Urea,28.15
cotton,68.69,26.49,2.66,Urea,27.7
cotton,47.24,12.77,10.32,Urea,23.51
cotton,23.41,20.84,18.09,Potash (MOP),34.02
cotton,47.3,30.64,52.81,Urea,29.37
cotton,66.24,15.79,15.71,DAP,30.38
cotton,39.68,22.13,5.76,Potash (MOP),26.13
cotton,22.79,31.88,24.98,Potash (MOP),26.28
cotton,27.8,19.85,33.1,DAP,29.03
cotton,16.23,11.13,1.39,DAP,26.47
cotton,60.74,32.79,47.46,Potash (MOP),28.3
cotton,50.71,41.12,8.95,Potash (MOP),26.57
cotton,63.63,40.3,8.65,Potash (MOP),29.4
cotton,52.91,42.49,23.92,Potash (MOP),26.98
cotton,46.56,14.05,5.17,Potash (MOP),24.08
cotton,54.85,40.46,7.35,Potash (MOP),31.74
cotton,49.42,36.5,3.16,Potash (MOP),25.28
cotton,46.13,38.03,14.16,Potash (MOP),26.55
cotton,20.79,29.12,27.02,Potash (MOP),30.3
cotton,39.01,39.15,1.67,Potash (MOP),26.2
cotton,18.46,44.21,13.29,DAP,37.06
cotton,22.92,35.15,1.33,Potash (MOP),31.53
cotton,44.4,29.98,36.83,DAP,30.24
cotton,19.65,42.56,12.12,DAP,23.5
cotton,39.46,25.21,12.54,DAP,27.97
cotton,14.64,17.85,16.8,DAP,28.42
cotton,63.68,11.15,25.11,Urea,29.01
cotton,24.26,18.9,0.01,Urea,27.76
cotton,43.26,31.54,5.82,DAP,24.94
cotton,59.28,28.89,5.44,DAP,31.45
cotton,37.46,32.5,1.63,DAP,30.18
cotton,50.06,10.6,11.18,DAP,31.01
cotton,67.63,13.14,17.24,Urea,29.8
cotton,66.02,36.15,3.95,Potash (MOP),26.23
cotton,30.04,11.25,26.71,DAP,23.21
cotton,14.61,36.36,19.45,DAP,31.36
cotton,64.76,35.57,26.46,Potash (MOP),29.65
cotton,35.62,41.57,15.79,Potash (MOP),31.55
cotton,33.9,12.92,5.15,Urea,25.1
cotton,69.66,15.87,23.32,Urea,29.67
cotton,18.84,21.36,7.92,DAP,29.26
cotton,23.38,31.57,4.18,Urea,29.51
cotton,66.35,34.4,0.78,Potash (MOP),26.96
cotton,59.8,41.72,1.79,Potash (MOP),27.25
cotton,36.42,42.62,2.35,Potash (MOP),24.42
cotton,11.8,11.27,45.8,DAP,24.23
cotton,44.27,20.73,7.14,Urea,23.69
cotton,16.11,35.51,2.99,DAP,25.63
cotton,14.18,24.94,0.61,DAP,27.8
cotton,19.16,16.04,12.65,DAP,28.6
cotton,31.39,37.1,11.84,Potash (MOP),29.03
cotton,33.44,24.02,16.44,Potash (MOP),27.28
cotton,35.53,20.94,21.51,Potash (MOP),27.65
cotton,37.69,20.68,3.77,Urea,28.01
cotton,28.36,16.88,4.68,Urea,25.89
cotton,53.03,22.34,9.17,Potash (MOP),25.93
cotton,17.06,24.17,5.01,DAP,26.83
cotton,19.77,29.16,14.94,DAP,28.38
cotton,67.45,23.21,14.44,DAP,29.66
cotton,55.05,15.04,14.6,Urea,29.06
cotton,55.09,18.34,0.03,Urea,28.45
cotton,31.28,11.08,11.56,Urea,30.5
cotton,60.47,15.96,12.38,Potash (MOP),31.6
cotton,41.53,13.19,13.12,DAP,28.44
cotton,53.72,36.64,22.1,Potash (MOP),24.12
cotton,34.25,37.16,46.0,Potash (MOP),29.44
cotton,14.74,28.74,5.62,DAP,27.6
cotton,46.37,10.34,22.73,Urea,22.86
cotton,63.13,18.15,8.99,Potash (MOP),21.97
cotton,43.94,37.38,0.35,Potash (MOP),25.04
cotton,68.16,38.35,20.86,Potash (MOP),25.73
cotton,55.1,23.54,34.35,Urea,31.66
cotton,48.29,12.27,6.28,Urea,26.68
cotton,61.38,28.31,6.75,Urea,19.31
cotton,14.81,22.66,3.01,DAP,26.28
cotton,16.6,19.34,4.51,DAP,32.23
cotton,39.21,26.13,8.52,Urea,28.63
cotton,36.81,38.34,4.19,Potash (MOP),32.76
cotton,62.99,29.64,14.09,Urea,28.66
cotton,55.19,25.17,11.89,Urea,31.14
cotton,53.54,30.89,5.25,Urea,28.88
cotton,10.07,19.88,13.16,DAP,25.95
cotton,45.73,37.2,10.58,Potash (MOP),32.85
cotton,39.92,31.3,34.21,Urea,27.72
cotton,18.7,10.51,14.7,DAP,28.38
cotton,61.96,43.07,16.38,Potash (MOP),26.26
cotton,38.92,22.33,10.13,Urea,30.22
cotton,57.54,18.98,8.81,Potash (MOP),30.77
cotton,31.97,25.32,12.59,Potash (MOP),28.27
cotton,53.24,32.95,2.53,DAP,26.45
cotton,38.16,40.85,25.61,Potash (MOP),31.76
cotton,12.57,36.04,9.99,DAP,30.05
cotton,29.06,14.89,1.17,DAP,23.97
cotton,22.23,21.36,0.11,Urea,29.39
cotton,60.14,32.38,6.28,Potash (MOP),29.09
cotton,24.53,35.24,21.1,Potash (MOP),27.43
cotton,23.26,27.53,6.47,DAP,29.44
cotton,21.39,35.25,6.08,Potash (MOP),25.66
cotton,44.99,11.35,10.26,Urea,28.32
cotton,32.78,32.35,2.63,Potash (MOP),27.34
maize,45.7,44.18,8.95,Urea,26.21
maize,39.9,12.26,2.34,NPK 14-35-14,30.76
maize,16.63,26.51,4.19,NPK 14-35-14,21.99
maize,23.8,12.68,37.87,NPK 14-35-14,23.65
maize,41.82,23.89,11.49,Urea,22.23
maize,13.93,40.5,19.68,NPK 14-35-14,26.11
maize,29.05,27.66,2.19,NPK 14-35-14,23.74
maize,14.9,26.86,7.82,NPK 14-35-14,25.27
maize,46.37,25.36,40.79,NPK 14-35-14,26.91
maize,18.81,18.04,1.7,NPK 14-35-14,25.93
maize,18.38,27.94,5.81,NPK 14-35-14,25.9
maize,19.4,28.93,1.56,NPK 14-35-14,24.86
maize,29.11,28.46,43.96,NPK 14-35-14,24.51
maize,18.74,18.05,14.44,NPK 14-35-14,23.1
maize,14.05,26.27,14.1,NPK 14-35-14,24.05
maize,69.13,22.85,22.62,Urea,24.84
maize,28.75,41.0,11.07,Urea,24.06
maize,28.68,30.66,6.06,Urea,23.85
maize,45.47,41.23,18.06,Urea,23.72
maize,41.57,39.77,40.24,Urea,19.46
maize,65.78,10.28,38.24,Urea,26.08
maize,48.09,28.17,25.7,NPK 14-35-14,28.84
maize,26.44,42.23,1.2,Urea,29.76
maize,40.33,34.3,2.84,Urea,27.87
maize,61.16,14.9,7.68,NPK 14-35-14,30.93
maize,66.47,35.88,11.68,Urea,26.58
maize,65.96,26.75,12.36,Urea,24.6
maize,51.7,37.72,3.16,Urea,23.9
maize,53.89,43.44,35.6,Urea,27.04
maize,24.11,32.19,15.46,NPK 14-35-14,27.79
maize,34.41,27.26,17.76,DAP,24.55
maize,41.12,37.27,12.39,Urea,26.44
maize,69.61,25.95,18.77,NPK 14-35-14,21.52
maize,50.57,28.52,7.22,NPK 14-35-14,20.64
maize,65.28,18.81,6.58,Urea,25.47
maize,41.67,34.66,29.44,Urea,28.81
maize,66.56,29.02,2.45,DAP,26.9
maize,63.85,11.86,14.1,DAP,25.85
maize,37.55,37.57,0.42,Urea,25.03
maize,32.13,13.7,19.76,Urea,30.27
maize,46.91,40.37,2.67,Urea,23.89
maize,61.49,27.42,13.56,NPK 14-35-14,26.65
maize,52.47,16.39,1.85,Urea,26.12
maize,20.15,34.71,2.38,NPK 14-35-14,26.01
maize,57.11,18.58,20.08,NPK 14-35-14,17.31
maize,36.66,11.59,6.73,NPK 14-35-14,22.56
maize,39.69,10.63,14.07,NPK 14-35-14,29.87
maize,67.04,13.81,0.5,Urea,19.15
maize,65.94,42.46,3.36,Urea,27.69
maize,67.1,34.85,8.83,Urea,21.84
maize,20.14,26.14,14.0,NPK 14-35-14,25.38
maize,17.81,25.83,1.43,NPK 14-35-14,18.77
maize,12.95,40.0,3.44,NPK 14-35-14,21.62
maize,25.75,22.65,2.33,NPK 14-35-14,25.72
maize,14.71,35.19,6.41,NPK 14-35-14,26.18
maize,60.11,16.74,18.54,Urea,20.44
maize,14.41,24.02,0.66,NPK 14-35-14,25.8
maize,42.28,40.74,2.47,Urea,24.29
maize,55.72,33.82,11.74,Urea,26.58
maize,62.62,23.34,13.37,DAP,28.31
maize,15.12,31.93,4.94,NPK 14-35-14,29.66
maize,52.34,14.16,13.42,DAP,25.12
maize,40.58,16.39,1.97,NPK 14-35-14,25.87
maize,69.92,43.36,15.97,Urea,28.96
maize,37.87,15.33,10.87,Urea,26.81
maize,30.52,15.35,13.1,NPK 14-35-14,24.58
maize,62.8,13.53,2.27,DAP,26.93
maize,38.22,25.22,5.24,NPK 14-35-14,23.53
maize,29.6,18.5,14.08,NPK 14-35-14,24.08
maize,17.91,21.91,10.83,NPK 14-35-14,29.19
maize,61.12,32.46,2.9,Urea,24.12
maize,14.51,36.45,7.7,NPK 14-35-14,21.56
maize,30.58,27.82,18.51,Urea,21.27
maize,34.65,10.81,16.56,Urea,21.84
maize,13.14,41.62,43.69,NPK 14-35-14,27.83
maize,26.21,28.99,72.88,NPK 14-35-14,27.86
maize,44.48,24.54,1.88,NPK 14-35-14,19.86
maize,47.62,10.4,21.62,NPK 14-35-14,21.19
maize,58.8,22.23,13.57,DAP,26.91
maize,21.44,42.05,4.49,NPK 14-35-14,24.97
maize,16.16,25.37,14.31,NPK 14-35-14,25.94
maize,58.47,19.0,13.02,NPK 14-35-14,20.45
maize,54.57,12.73,12.57,Urea,25.04
maize,59.47,35.38,28.74,Urea,25.32
maize,20.43,17.79,10.02,NPK 14-35-14,23.94
maize,68.26,14.47,2.89,DAP,26.24
maize,36.89,31.38,5.75,Urea,22.39
maize,67.45,26.05,3.5,Urea,22.77
maize,19.68,33.5,24.83,NPK 14-35-14,24.79
maize,29.87,10.99,8.96,Urea,26.1
maize,60.92,18.05,25.5,NPK 14-35-14,26.89
maize,26.44,37.87,2.86,Urea,30.94
maize,64.3,43.34,6.83,Urea,29.16
maize,37.38,11.0,37.86,DAP,22.88
maize,24.03,11.88,8.41,NPK 14-35-14,27.06
maize,61.65,10.34,50.91,Urea,27.76
maize,61.54,10.27,0.78,NPK 14-35-14,28.01
maize,54.79,44.73,14.26,Urea,23.73
maize,37.8,13.15,85.09,Urea,24.97
maize,15.41,42.96,15.24,NPK 14-35-14,21.29
maize,61.25,44.94,3.03,Urea,27.03
maize,44.56,32.39,7.86,Urea,26.02
maize,50.49,23.85,9.71,Urea,27.9
maize,44.71,18.31,4.56,NPK 14-35-14,22.23
maize,19.36,37.35,21.54,NPK 14-35-14,26.86
maize,56.53,21.34,1.38,DAP,24.25
maize,25.41,28.59,42.66,DAP,22.95
maize,62.33,28.08,7.3,Urea,25.93
maize,46.89,35.07,32.07,Urea,24.23
maize,33.86,41.84,46.86,Urea,23.06
maize,17.22,14.17,40.97,NPK 14-35-14,21.96
maize,12.14,19.65,17.74,NPK 14-35-14,22.59
maize,35.56,28.09,37.39,DAP,25.28
maize,49.53,22.87,22.85,DAP,27.03
maize,48.87,12.14,10.08,Urea,25.33
maize,44.33,14.55,27.55,NPK 14-35-14,29.91
maize,50.5,36.84,18.57,Urea,23.53
maize,51.61,16.36,1.55,DAP,25.88
maize,63.36,35.08,24.57,Urea,25.28
maize,58.8,32.76,12.66,Urea,26.3
maize,52.22,21.21,38.71,NPK 14-35-14,19.13
maize,42.35,37.89,27.72,Urea,22.25
maize,34.07,25.04,2.41,DAP,22.14
maize,37.12,15.49,17.19,DAP,29.28
maize,36.32,37.98,9.3,Urea,26.38
maize,21.21,35.85,9.79,NPK 14-35-14,22.84
maize,37.22,39.8,18.5,Urea,30.15
maize,47.31,36.62,19.4,Urea,26.02
maize,51.52,38.75,15.56,Urea,22.9
maize,53.0,40.67,4.77,Urea,17.72
maize,30.52,42.58,12.96,Urea,26.56
maize,69.45,38.82,20.54,Urea,21.94
maize,22.48,40.66,11.19,NPK 14-35-14,24.03
maize,13.72,26.66,4.72,NPK 14-35-14,27.22
maize,52.91,43.5,17.61,Urea,24.64
maize,56.3,39.51,18.61,Urea,27.97
maize,40.47,31.91,18.08,NPK 14-35-14,23.62
maize,38.97,40.09,10.17,Urea,25.28
maize,43.14,17.07,23.72,Urea,22.9
maize,60.67,33.59,28.38,Urea,24.76
maize,18.31,11.08,40.86,NPK 14-35-14,26.0
maize,59.39,34.8,2.11,Urea,23.86
maize,50.04,41.12,8.31,Urea,20.85
maize,14.94,41.22,30.51,NPK 14-35-14,18.72
maize,69.87,30.48,20.87,Urea,23.29
maize,56.03,44.24,17.98,Urea,28.51
maize,35.01,35.07,34.66,Urea,23.85
maize,65.16,43.12,9.93,Urea,23.17
maize,32.47,19.9,10.36,NPK 14-35-14,18.49
maize,24.39,23.03,1.77,NPK 14-35-14,22.13
maize,68.27,30.09,2.05,NPK 14-35-14,23.22
maize,28.2,20.99,10.17,DAP,16.71
maize,52.67,28.77,34.25,Urea,22.41
maize,28.8,24.62,2.61,NPK 14-35-14,25.82
maize,61.14,14.81,33.03,Urea,23.89
maize,35.43,42.03,19.32,Urea,24.31
maize,58.94,40.52,53.97,Urea,26.71
maize,31.93,16.36,17.41,Urea,29.16
maize,46.66,38.37,13.22,Urea,27.07
maize,24.26,25.25,2.41,NPK 14-35-14,27.58
maize,12.52,12.21,42.84,NPK 14-35-14,22.69
maize,60.05,27.37,14.56,NPK 14-35-14,24.01
maize,53.29,21.44,14.9,DAP,24.88
maize,64.47,20.68,3.27,NPK 14-35-14,23.97
maize,35.93,34.99,0.2,Urea,28.17
maize,50.25,35.61,25.05,Urea,22.91
maize,56.99,33.88,8.69,Urea,25.13
maize,22.17,20.25,17.74,NPK 14-35-14,25.91
maize,65.48,16.26,1.29,Urea,28.83
maize,57.67,35.62,1.2,Urea,24.15
maize,57.79,42.18,0.92,Urea,25.36
maize,45.95,27.98,2.93,DAP,24.93
maize,17.65,26.25,2.69,NPK 14-35-14,31.68
maize,35.86,14.85,52.88,Urea,23.47
maize,63.44,31.79,69.38,NPK 14-35-14,21.63
maize,59.14,22.71,3.24,NPK 14-35-14,23.41
maize,57.17,19.89,3.05,Urea,23.15
maize,20.02,10.69,3.88,NPK 14-35-14,27.04
maize,11.43,22.09,2.36,NPK 14-35-14,19.44
maize,15.62,24.0,3.52,NPK 14-35-14,28.82
maize,50.81,22.76,2.39,NPK 14-35-14,27.02
maize,69.0,10.89,17.57,DAP,23.11
maize,53.0,20.49,2.73,NPK 14-35-14,21.03
maize,56.63,42.43,25.36,Urea,24.27
maize,54.71,21.71,1.0,DAP,23.34
maize,14.03,33.5,9.34,NPK 14-35-14,23.54
maize,59.86,13.46,2.35,NPK 14-35-14,26.4
maize,69.59,24.88,2.9,NPK 14-35-14,30.14
maize,42.91,37.57,16.11,Urea,22.34
maize,48.56,15.44,8.03,NPK 14-35-14,25.09
maize,56.37,17.67,0.94,DAP,23.76
maize,12.57,35.18,45.73,NPK 14-35-14,22.17
maize,25.85,13.07,9.68,Urea,24.43
maize,59.25,30.2,3.78,Urea,22.58
maize,65.31,25.77,6.98,DAP,27.77
maize,14.91,33.4,0.21,NPK 14-35-14,25.07
maize,47.79,29.3,25.06,DAP,21.24
maize,15.11,28.71,32.88,NPK 14-35-14,22.84
maize,40.88,35.87,5.32,Urea,19.23
maize,16.56,24.59,21.68,NPK 14-35-14,23.29
maize,33.7,32.76,21.32,Urea,28.12
maize,30.34,18.96,3.77,NPK 14-35-14,23.14
maize,25.42,20.75,13.67,Urea,25.93
maize,56.75,27.53,6.78,NPK 14-35-14,22.95
maize,33.3,43.6,21.92,Urea,23.49
maize,42.64,31.45,9.47,DAP,21.2
maize,30.62,42.58,1.91,Urea,26.85
maize,36.17,18.97,0.92,DAP,28.17
maize,65.59,12.21,14.82,DAP,24.29
maize,50.24,27.34,36.59,NPK 14-35-14,18.72
maize,29.37,15.91,42.63,NPK 14-35-14,22.71
maize,13.53,30.26,15.15,NPK 14-35-14,26.43
maize,18.12,26.58,5.48,NPK 14-35-14,25.41
maize,10.69,28.09,1.57,NPK 14-35-14,30.21
maize,49.54,29.79,0.16,Urea,24.04
maize,54.17,35.63,2.71,Urea,25.05
maize,67.4,17.84,9.18,Urea,20.09
maize,31.19,38.94,0.14,Urea,29.07
maize,57.88,30.0,64.14,DAP,28.55
maize,39.38,43.85,44.92,Urea,20.37
maize,69.03,40.33,36.04,Urea,26.7
maize,52.53,43.7,12.7,Urea,23.55
maize,15.11,30.91,17.4,NPK 14-35-14,23.48
maize,45.91,23.09,7.05,NPK 14-35-14,20.98
maize,30.22,37.82,2.68,Urea,26.91
maize,16.02,22.72,1.33,NPK 14-35-14,34.33
maize,37.88,39.5,4.72,Urea,22.98
maize,50.42,42.04,5.87,Urea,26.69
maize,64.02,27.69,5.71,NPK 14-35-14,28.89
maize,55.09,12.78,45.01,DAP,26.31
maize,66.95,21.52,17.76,NPK 14-35-14,24.0
maize,58.62,29.89,1.73,NPK 14-35-14,22.11
maize,18.18,36.57,39.82,NPK 14-35-14,30.02
maize,55.78,15.36,54.44,DAP,28.75
maize,25.71,31.27,12.87,DAP,28.35
maize,11.66,38.36,5.35,NPK 14-35-14,26.81
maize,17.6,13.97,17.09,NPK 14-35-14,22.55
maize,41.56,12.28,7.65,Urea,23.04
maize,68.06,24.9,3.35,NPK 14-35-14,23.13
maize,47.66,36.95,11.92,Urea,29.61
maize,42.37,13.09,7.93,NPK 14-35-14,29.28
maize,39.32,38.19,8.34,Urea,25.0
maize,69.96,25.25,2.43,NPK 14-35-14,23.31
maize,29.91,26.13,46.68,NPK 14-35-14,24.38
maize,58.81,33.02,25.31,Urea,24.14
maize,66.03,16.83,27.85,DAP,21.79
maize,63.67,20.25,19.7,DAP,24.99
maize,46.95,21.72,17.01,DAP,26.66
maize,49.94,11.65,2.19,Urea,15.25
maize,31.71,44.8,1.77,Urea,31.34
maize,45.41,33.86,40.85,Urea,26.86
maize,17.01,23.08,2.24,NPK 14-35-14,28.63
maize,62.87,36.24,21.25,Urea,25.3
maize,19.0,21.54,2.21,NPK 14-35-14,31.53
maize,53.49,15.61,18.17,NPK 14-35-14,30.37
maize,52.97,32.97,28.32,Urea,28.59
maize,27.73,32.45,0.79,Urea,19.77
maize,32.85,22.41,0.94,NPK 14-35-14,24.55
maize,19.46,18.28,6.83,NPK 14-35-14,27.0
maize,65.53,12.05,0.17,DAP,27.47
maize,26.74,15.05,6.04,Urea,25.83
maize,29.51,32.15,26.94,Urea,22.68
maize,20.27,42.58,11.35,NPK 14-35-14,20.44
maize,56.45,31.21,10.23,DAP,29.96
maize,66.9,29.01,5.49,NPK 14-35-14,24.94
maize,39.16,15.67,27.25,DAP,23.17
maize,68.53,35.43,36.98,Urea,28.21
maize,52.84,20.31,12.0,DAP,22.4
maize,54.85,28.12,16.08,Urea,26.08
maize,39.29,23.35,26.7,Urea,26.25
maize,24.78,27.76,2.29,NPK 14-35-14,21.77
maize,25.64,43.48,22.5,Urea,28.77
maize,57.22,31.83,27.41,NPK 14-35-14,21.66
maize,42.51,39.5,11.16,Urea,24.08
maize,12.16,11.04,13.95,NPK 14-35-14,27.32
maize,19.82,37.19,29.57,NPK 14-35-14,19.51
maize,63.35,20.64,16.21,Urea,25.09
maize,67.96,43.15,17.27,Urea,20.48
maize,57.87,16.17,19.18,DAP,25.87
maize,11.73,10.0,4.44,NPK 14-35-14,25.5
maize,61.17,36.85,6.24,Urea,27.36
maize,36.78,33.75,28.69,Urea,22.48
maize,42.15,21.76,22.02,NPK 14-35-14,24.52
maize,67.39,44.42,3.39,Urea,23.44
maize,18.92,22.35,6.17,NPK 14-35-14,23.99
maize,56.79,36.2,12.95,Urea,29.67
maize,60.01,16.85,2.65,NPK 14-35-14,25.06
maize,60.85,40.17,14.36,Urea,20.45
maize,65.69,27.5,32.98,DAP,25.58
maize,56.64,26.42,21.1,NPK 14-35-14,23.22
maize,69.7,10.89,34.52,DAP,30.7
maize,37.93,14.25,0.91,Urea,23.4
maize,27.7,14.68,22.16,Urea,29.65
maize,17.61,41.74,13.39,NPK 14-35-14,25.39
maize,54.3,11.1,5.68,DAP,25.73
maize,47.55,21.83,18.09,DAP,25.97
maize,30.32,37.81,23.41,Urea,28.28
maize,15.36,38.8,2.61,NPK 14-35-14,24.56
maize,30.03,11.01,1.98,Urea,22.2
maize,66.09,44.62,8.52,Urea,26.19
maize,45.69,37.2,20.0,Urea,30.18
maize,63.41,40.59,57.25,Urea,27.18
maize,40.72,39.08,8.36,Urea,20.35
maize,59.09,44.5,4.44,Urea,23.54
maize,13.37,38.54,14.52,NPK 14-35-14,24.96
maize,15.13,19.16,2.02,NPK 14-35-14,22.65
maize,23.45,13.72,46.16,NPK 14-35-14,23.7
maize,63.92,33.71,14.44,Urea,19.85
maize,52.33,39.01,31.52,Urea,27.43
maize,42.12,19.71,31.81,Urea,25.89
maize,64.37,11.41,7.6,DAP,23.64
maize,56.38,12.32,3.12,DAP,23.14
maize,48.82,40.44,22.43,Urea,25.18
maize,51.14,44.14,0.89,Urea,25.05
maize,18.34,25.8,7.29,NPK 14-35-14,23.38
maize,68.57,21.03,8.4,NPK 14-35-14,26.35
maize,44.76,12.05,2.43,Urea,27.17
maize,15.6,25.31,0.35,NPK 14-35-14,23.04
maize,30.81,34.46,1.42,Urea,23.5
maize,10.3,24.3,14.91,NPK 14-35-14,24.27
maize,29.93,39.29,18.91,Urea,28.87
maize,66.43,13.26,5.48,DAP,22.52
maize,62.3,27.98,13.3,Urea,28.55
maize,44.67,13.98,9.72,DAP,29.09
maize,39.46,42.27,9.82,Urea,24.89
maize,59.24,37.3,10.8,Urea,24.15
maize,24.99,26.28,12.44,NPK 14-35-14,24.74
maize,31.27,38.45,10.25,Urea,30.83
maize,69.68,26.0,1.06,DAP,26.44
maize,21.65,30.82,21.12,NPK 14-35-14,29.73
maize,18.3,38.59,12.16,NPK 14-35-14,25.02
maize,33.74,20.38,22.13,DAP,24.47
maize,53.26,41.64,0.52,Urea,30.71
maize,15.71,24.37,42.75,NPK 14-35-14,23.33
maize,36.16,44.49,0.88,Urea,26.83
maize,40.03,43.98,2.08,Urea,29.92
maize,63.76,34.19,4.5,Urea,24.53
maize,58.85,23.61,28.55,DAP,27.67
maize,61.38,34.56,21.8,Urea,21.8
maize,34.4,10.85,37.65,NPK 14-35-14,22.82
maize,40.09,18.67,17.34,DAP,22.26
maize,25.39,42.06,10.4,Urea,22.55
maize,50.17,19.83,11.1,DAP,21.61
maize,34.54,33.1,3.77,Urea,22.6
maize,67.93,14.36,9.81,Urea,26.78
maize,61.91,38.1,15.63,Urea,27.84
maize,60.84,23.68,12.07,Urea,24.01
maize,53.57,33.88,2.18,Urea,29.66
maize,18.57,36.44,19.16,NPK 14-35-14,22.94
maize,10.73,20.09,0.14,NPK 14-35-14,24.4
maize,23.8,24.68,1.94,NPK 14-35-14,27.05
maize,30.75,33.7,3.44,Urea,25.4
maize,47.1,14.54,0.03,Urea,24.78
maize,54.97,32.61,9.61,Urea,26.98
maize,12.99,35.96,6.77,NPK 14-35-14,27.1
maize,46.46,44.35,43.87,Urea,23.48
maize,68.38,43.31,0.12,Urea,22.36
maize,52.3,44.32,0.6,Urea,27.79
maize,44.02,35.72,4.38,Urea,25.8
maize,40.31,11.05,52.43,Urea,22.92
maize,13.99,16.61,7.93,NPK 14-35-14,19.08
maize,38.06,25.02,15.51,Urea,22.99
maize,16.47,13.47,28.74,NPK 14-35-14,29.76
maize,22.93,39.01,38.63,NPK 14-35-14,25.11
maize,48.13,13.71,33.85,DAP,24.74
maize,28.47,20.0,5.45,DAP,25.34
maize,16.49,32.96,38.65,NPK 14-35-14,25.98
maize,30.51,26.09,5.07,Urea,21.59
maize,35.55,18.09,2.93,DAP,23.4
maize,59.58,29.14,5.73,Urea,29.44
maize,26.56,16.3,12.2,Urea,26.59
maize,60.34,35.18,34.09,Urea,27.89
maize,19.02,23.57,9.36,NPK 14-35-14,28.16
maize,64.75,24.44,42.59,NPK 14-35-14,22.16
maize,47.08,19.65,0.78,NPK 14-35-14,27.91
maize,66.52,32.49,6.08,Urea,18.63
maize,10.63,44.36,10.19,NPK 14-35-14,25.24
maize,46.33,34.92,5.81,Urea,27.11
maize,51.94,28.44,16.74,Urea,22.28
maize,21.86,14.52,3.98,NPK 14-35-14,21.87
maize,48.54,25.94,12.1,Urea,22.77
maize,24.92,38.75,15.28,NPK 14-35-14,23.82
maize,66.99,11.71,23.58,DAP,24.22
maize,21.07,22.99,11.08,NPK 14-35-14,20.31
maize,13.2,35.02,11.76,NPK 14-35-14,23.39
maize,64.2,44.95,37.75,Urea,27.32
maize,56.67,38.43,12.79,Urea,26.73
maize,52.77,44.49,11.69,Urea,21.97
maize,26.28,33.93,58.22,Urea,23.41
maize,42.51,15.96,0.34,DAP,22.06
maize,14.1,39.93,23.92,NPK 14-35-14,22.99
maize,43.05,35.15,1.95,Urea,25.12
maize,51.69,25.73,25.03,DAP,28.92
maize,19.53,17.22,72.34,NPK 14-35-14,20.58
maize,55.19,43.67,5.26,Urea,25.03
maize,39.68,16.12,19.82,Urea,21.21
maize,52.83,40.58,44.74,Urea,24.09
maize,60.22,35.78,23.63,Urea,27.87
maize,23.24,32.7,0.39,NPK 14-35-14,25.5
maize,53.54,21.42,14.77,DAP,31.34
sugarcane,18.56,14.9,18.89,Urea,47.87
sugarcane,28.72,11.49,15.74,Urea,44.5
sugarcane,51.05,29.38,17.25,NPK 10-26-26,48.59
sugarcane,39.67,44.7,0.67,Potash (MOP),47.09
sugarcane,24.06,23.88,8.96,Urea,45.34
sugarcane,12.71,24.28,8.08,Urea,47.38
sugarcane,67.93,30.97,15.14,Urea,46.91
sugarcane,24.23,40.59,19.76,Urea,48.81
sugarcane,54.51,44.88,24.33,Potash (MOP),44.98
sugarcane,44.83,21.52,27.43,Urea,41.4
sugarcane,33.99,24.49,4.94,Urea,40.56
sugarcane,59.85,43.7,41.02,Potash (MOP),48.97
sugarcane,19.79,10.5,8.66,Urea,46.19
sugarcane,11.58,38.89,2.92,Urea,49.2
sugarcane,13.34,39.76,12.53,Urea,44.12
sugarcane,15.13,32.33,4.98,Urea,42.12
sugarcane,61.97,22.52,10.24,Urea,47.57
sugarcane,51.3,43.99,10.7,Potash (MOP),45.58
sugarcane,48.32,30.17,9.93,NPK 10-26-26,46.58
sugarcane,34.51,15.7,11.46,Urea,45.38
sugarcane,27.15,17.52,13.39,Urea,46.67
sugarcane,23.79,20.17,37.9,Urea,43.0
sugarcane,64.66,15.9,1.0,NPK 10-26-26,47.99
sugarcane,17.13,24.52,4.76,Urea,45.65
sugarcane,10.9,37.6,25.17,Urea,43.42
sugarcane,18.67,26.24,4.25,Urea,43.74
sugarcane,40.68,23.47,3.55,Urea,48.0
sugarcane,45.35,10.45,34.79,Potash (MOP),42.27
sugarcane,62.12,40.9,8.83,Potash (MOP),37.04
sugarcane,36.97,41.33,23.28,Potash (MOP),45.72
sugarcane,17.59,31.36,82.48,Urea,49.05
sugarcane,56.14,22.26,6.97,NPK 10-26-26,46.35
sugarcane,23.86,32.73,4.17,Urea,40.55
sugarcane,20.66,40.67,11.19,Urea,36.8
sugarcane,62.01,19.19,2.84,Potash (MOP),38.1
sugarcane,42.08,24.79,5.02,Urea,45.51
sugarcane,66.24,43.6,10.15,Potash (MOP),41.72
sugarcane,18.22,37.05,29.04,Urea,45.27
sugarcane,57.08,39.21,4.86,Potash (MOP),38.09
sugarcane,69.72,43.22,13.69,Potash (MOP),39.25
sugarcane,18.28,19.05,6.78,Urea,44.73
sugarcane,23.18,22.23,39.24,Urea,45.3
sugarcane,40.23,32.64,7.35,NPK 10-26-26,45.12
sugarcane,21.53,19.31,7.27,Urea,47.35
sugarcane,47.4,25.4,7.47,Urea,47.17
sugarcane,68.68,40.31,0.92,Potash (MOP),50.38
sugarcane,53.55,21.77,17.19,NPK 10-26-26,48.15
sugarcane,26.92,40.98,7.64,Urea,45.99
sugarcane,34.05,24.19,1.55,Urea,41.15
sugarcane,14.48,15.33,0.69,Urea,41.61
sugarcane,27.54,40.33,6.22,Urea,46.0
sugarcane,69.8,18.13,4.92,Urea,42.41
sugarcane,20.73,27.89,4.11,Urea,43.29
sugarcane,34.21,18.48,33.21,Urea,47.9
sugarcane,64.87,24.66,16.03,NPK 10-26-26,50.95
sugarcane,33.12,22.52,0.01,Urea,42.05
sugarcane,58.26,41.13,52.33,Potash (MOP),46.17
sugarcane,26.16,44.98,13.36,Urea,50.24
sugarcane,50.87,33.88,27.99,NPK 10-26-26,43.91
sugarcane,23.19,34.22,3.38,Urea,44.79
sugarcane,13.23,31.62,10.96,Urea,47.3
sugarcane,67.6,12.0,0.6,Potash (MOP),47.2
sugarcane,62.47,11.75,10.77,NPK 10-26-26,42.16
sugarcane,36.78,29.65,0.0,NPK 10-26-26,44.47
sugarcane,69.93,16.85,14.14,Potash (MOP),43.83
sugarcane,52.89,14.64,20.09,Urea,40.54
sugarcane,49.09,11.53,8.71,Potash (MOP),45.28
sugarcane,30.28,22.3,1.89,Urea,44.51
sugarcane,18.81,16.5,5.97,Urea,44.17
sugarcane,53.46,12.9,13.41,Urea,47.48
sugarcane,22.25,35.19,5.12,Urea,48.38
sugarcane,26.35,18.2,1.65,Urea,48.74
sugarcane,13.03,40.05,0.77,Urea,44.48
sugarcane,63.26,21.65,3.19,Potash (MOP),44.18
sugarcane,44.32,36.38,20.92,NPK 10-26-26,44.12
sugarcane,69.87,25.08,19.43,NPK 10-26-26,39.03
sugarcane,22.27,12.05,11.85,Urea,47.35
sugarcane,32.92,34.13,13.68,Urea,44.16
sugarcane,13.18,12.74,0.31,Urea,49.07
sugarcane,20.37,31.2,5.11,Urea,42.86
sugarcane,57.82,37.94,22.4,Potash (MOP),47.62
sugarcane,21.17,20.14,3.05,Urea,43.18
sugarcane,50.45,34.02,15.86,NPK 10-26-26,38.14
sugarcane,31.61,22.66,4.84,Urea,41.0
sugarcane,68.84,40.48,5.71,Potash (MOP),43.1
sugarcane,62.62,23.01,12.75,NPK 10-26-26,44.07
sugarcane,16.73,39.17,13.16,Urea,43.65
sugarcane,38.94,34.19,4.17,Potash (MOP),42.65
sugarcane,51.08,25.71,29.82,Urea,48.39
sugarcane,31.83,23.07,22.66,Urea,43.65
sugarcane,39.37,40.97,13.38,Potash (MOP),46.21
sugarcane,10.24,20.93,3.5,Urea,40.42
sugarcane,49.25,14.76,5.14,Urea,41.87
sugarcane,17.01,15.4,27.08,Urea,42.87
sugarcane,51.0,26.94,35.93,Potash (MOP),38.16
sugarcane,60.14,23.32,0.99,Urea,41.66
sugarcane,12.56,24.32,19.01,Urea,46.71
sugarcane,51.23,18.93,13.77,Potash (MOP),41.54
sugarcane,44.65,20.72,16.49,Potash (MOP),44.83
sugarcane,33.5,26.25,1.19,Urea,46.09
sugarcane,43.19,21.5,1.94,Potash (MOP),45.79
sugarcane,54.98,25.07,9.17,NPK 10-26-26,44.93
sugarcane,64.97,17.27,11.63,Urea,42.28
sugarcane,61.84,21.51,50.05,NPK 10-26-26,39.81
sugarcane,13.18,36.87,16.45,Urea,35.08
sugarcane,39.84,25.3,7.49,NPK 10-26-26,44.55
sugarcane,35.34,27.03,13.53,Urea,41.2
sugarcane,32.42,28.78,9.06,Urea,39.62
sugarcane,63.38,34.37,34.34,Urea,43.07
sugarcane,45.14,30.51,10.21,Potash (MOP),44.19
sugarcane,48.93,21.03,18.82,Urea,41.42
sugarcane,31.05,25.24,0.06,Urea,48.08
sugarcane,39.52,18.95,0.87,NPK 10-26-26,45.54
sugarcane,33.37,28.15,5.89,Urea,50.55
sugarcane,47.36,13.25,14.56,NPK 10-26-26,46.9
sugarcane,21.21,29.5,15.64,Urea,42.01
sugarcane,63.91,25.76,22.4,Urea,42.15
sugarcane,13.62,31.24,24.78,Urea,56.33
sugarcane,54.94,17.1,29.74,Potash (MOP),45.14
sugarcane,24.29,29.47,6.56,Urea,50.04
sugarcane,60.23,28.49,0.45,NPK 10-26-26,44.08
sugarcane,42.46,21.08,22.41,Potash (MOP),46.76
sugarcane,25.04,22.65,15.02,Urea,44.99
sugarcane,63.65,33.81,7.36,Potash (MOP),44.86
sugarcane,25.67,21.37,40.33,Urea,47.86
sugarcane,26.27,29.03,53.31,Urea,46.56
sugarcane,29.12,15.62,10.73,Urea,41.71
sugarcane,63.31,44.68,12.61,Potash (MOP),43.92
sugarcane,56.48,40.07,18.11,Potash (MOP),42.38
sugarcane,24.46,12.26,11.32,Urea,40.27
sugarcane,26.4,37.86,0.12,Urea,47.96
sugarcane,66.01,17.32,78.23,Urea,47.74
sugarcane,56.09,34.61,1.83,NPK 10-26-26,48.58
sugarcane,52.3,12.88,6.59,Potash (MOP),49.58
sugarcane,20.76,17.39,0.1,Urea,44.62
sugarcane,67.0,34.99,1.63,Potash (MOP),50.56
sugarcane,53.85,16.05,13.89,NPK 10-26-26,43.4
sugarcane,26.19,41.55,0.73,Urea,47.78
sugarcane,49.64,11.51,24.2,Potash (MOP),45.98
sugarcane,26.23,32.0,37.41,Urea,43.46
sugarcane,28.99,17.6,1.69,Urea,44.59
sugarcane,29.25,34.73,30.63,Urea,42.49
sugarcane,57.09,28.57,1.62,NPK 10-26-26,43.92
sugarcane,26.42,13.23,10.65,Urea,44.37
sugarcane,36.3,16.09,2.88,Urea,43.28
sugarcane,65.21,24.17,13.41,Urea,44.56
sugarcane,34.13,38.72,36.93,Urea,43.92
sugarcane,58.49,41.52,17.29,Potash (MOP),43.18
sugarcane,16.29,28.3,12.75,Urea,41.67
sugarcane,16.61,23.25,17.69,Urea,43.11
sugarcane,23.89,36.93,2.18,Urea,50.35
sugarcane,18.12,30.92,24.06,Urea,43.43
sugarcane,45.73,27.9,27.33,NPK 10-26-26,55.54
sugarcane,21.65,34.13,34.99,Urea,46.02
sugarcane,19.82,13.02,20.1,Urea,47.34
sugarcane,51.75,21.27,25.32,NPK 10-26-26,40.72
sugarcane,46.26,15.9,8.21,Potash (MOP),44.07
sugarcane,36.52,41.15,9.45,Potash (MOP),44.42
sugarcane,60.98,21.45,6.22,Urea,39.45
sugarcane,51.03,38.26,3.19,Potash (MOP),42.34
sugarcane,60.81,12.02,0.1,Urea,44.74
sugarcane,36.6,16.03,19.64,Urea,44.39
sugarcane,30.8,33.21,9.87,Urea,46.06
sugarcane,23.82,24.51,0.5,Urea,43.07
sugarcane,18.15,21.19,6.28,Urea,45.81
sugarcane,68.33,30.97,4.15,Urea,46.34
sugarcane,29.19,21.43,16.77,Urea,38.05
sugarcane,18.95,10.77,3.7,Urea,46.87
sugarcane,16.45,37.49,1.79,Urea,42.74
sugarcane,14.4,38.45,13.0,Urea,49.43
sugarcane,24.15,41.31,0.69,Urea,46.93
sugarcane,52.56,20.12,0.96,Potash (MOP),42.72
sugarcane,28.04,19.12,33.22,Urea,48.09
sugarcane,54.42,37.6,78.77,Urea,41.02
sugarcane,54.64,43.8,3.91,Potash (MOP),42.91
sugarcane,44.4,36.1,22.24,Potash (MOP),50.69
sugarcane,67.0,21.86,18.74,Urea,50.25
sugarcane,35.2,15.35,9.51,NPK 10-26-26,40.32
sugarcane,27.74,34.23,0.52,Urea,43.15
sugarcane,50.16,20.01,13.73,Urea,43.05
sugarcane,24.47,37.87,1.32,Urea,40.62
sugarcane,14.02,27.6,10.38,Urea,45.37
sugarcane,52.41,36.07,19.52,Potash (MOP),45.36
sugarcane,17.06,43.12,29.96,Urea,43.88
sugarcane,11.34,37.37,15.15,Urea,52.54
sugarcane,50.7,40.96,21.87,Potash (MOP),44.66
sugarcane,44.52,38.86,65.05,Potash (MOP),42.95
sugarcane,53.89,44.25,1.86,Potash (MOP),43.93
sugarcane,35.9,12.18,22.48,NPK 10-26-26,37.16
sugarcane,64.46,14.67,33.33,Urea,44.91
sugarcane,43.56,28.49,14.36,Urea,44.16
sugarcane,59.91,20.86,0.98,Urea,44.64
sugarcane,41.25,44.21,61.88,Potash (MOP),47.89
sugarcane,69.95,39.74,16.05,Potash (MOP),45.76
sugarcane,60.71,12.89,15.11,NPK 10-26-26,44.89
sugarcane,63.04,12.73,0.86,Urea,40.31
sugarcane,68.4,40.18,0.24,Potash (MOP),44.89
sugarcane,51.73,34.94,36.4,Potash (MOP),45.41
sugarcane,66.74,33.62,22.91,Urea,52.9
sugarcane,33.78,26.24,3.5,Urea,48.69
sugarcane,46.46,36.56,8.42,NPK 10-26-26,43.96
sugarcane,17.86,40.47,0.35,Urea,41.86
sugarcane,28.95,16.46,40.22,Urea,46.88
sugarcane,68.34,27.4,4.0,Urea,45.78
sugarcane,41.89,15.03,26.15,Urea,45.4
sugarcane,48.52,33.28,6.98,NPK 10-26-26,43.35
sugarcane,61.39,36.94,4.16,NPK 10-26-26,44.16
sugarcane,18.79,40.37,5.01,Urea,37.65
sugarcane,56.98,33.48,13.67,NPK 10-26-26,42.62
sugarcane,28.57,24.94,8.01,Urea,45.6
sugarcane,56.7,19.88,3.02,Potash (MOP),46.65
sugarcane,47.31,38.61,15.82,Potash (MOP),43.82
sugarcane,35.44,17.98,1.09,NPK 10-26-26,43.75
sugarcane,24.28,39.31,29.31,Urea,41.48
sugarcane,32.32,20.76,22.28,Urea,45.89
sugarcane,65.64,23.41,2.47,Potash (MOP),47.72
sugarcane,66.26,37.27,13.96,Urea,45.81
sugarcane,17.29,10.12,37.39,Urea,39.47
sugarcane,28.29,17.75,17.98,Urea,46.12
sugarcane,25.27,40.16,10.71,Urea,47.98
sugarcane,32.87,31.17,18.09,Urea,47.26
sugarcane,47.68,40.75,13.26,Potash (MOP),45.51
sugarcane,29.78,28.63,1.35,Urea,47.22
sugarcane,49.69,15.83,8.64,NPK 10-26-26,42.75
sugarcane,25.86,21.76,27.8,Urea,45.77
sugarcane,23.61,17.67,29.77,Urea,47.23
sugarcane,63.63,18.96,8.18,Urea,46.47
sugarcane,46.35,22.84,3.81,Urea,47.73
sugarcane,19.4,34.81,11.63,Urea,43.55
sugarcane,49.29,11.4,14.11,Urea,47.41
sugarcane,38.89,44.67,8.89,Potash (MOP),45.4
sugarcane,29.86,27.61,7.28,Urea,45.64
sugarcane,18.17,22.49,32.97,Urea,42.51
sugarcane,32.07,31.58,8.07,Urea,47.83
sugarcane,40.18,34.44,9.45,Urea,43.04
sugarcane,55.55,30.84,14.09,NPK 10-26-26,43.89
sugarcane,63.2,35.69,16.53,NPK 10-26-26,43.71
sugarcane,43.83,17.17,37.13,Potash (MOP),48.61
sugarcane,18.76,35.35,1.17,Urea,41.38
sugarcane,18.74,10.14,42.42,Urea,46.11
sugarcane,59.76,12.71,13.72,Urea,48.85
sugarcane,35.39,18.83,61.49,NPK 10-26-26,44.53
sugarcane,66.43,37.36,2.13,NPK 10-26-26,44.59
sugarcane,32.5,13.9,8.07,Urea,45.01
sugarcane,57.4,25.35,8.48,Urea,48.27
sugarcane,28.5,38.76,12.52,Urea,45.75
sugarcane,28.03,20.33,6.72,Urea,41.04
sugarcane,65.22,30.12,37.89,Urea,46.8
sugarcane,44.67,35.56,7.62,Potash (MOP),42.02
sugarcane,35.01,39.36,14.64,Potash (MOP),44.5
sugarcane,54.21,22.22,43.34,Potash (MOP),47.38
sugarcane,44.58,34.72,8.09,Potash (MOP),44.58
sugarcane,49.41,18.57,19.16,Potash (MOP),41.27
sugarcane,57.64,43.19,33.26,Potash (MOP),46.58
sugarcane,29.29,24.21,24.79,Urea,48.36
sugarcane,65.6,28.76,10.85,Urea,51.66
sugarcane,61.21,26.33,30.02,Urea,42.5
sugarcane,60.72,31.32,14.1,Potash (MOP),37.73
sugarcane,32.91,20.79,14.45,Urea,38.89
sugarcane,22.3,37.11,24.12,Urea,45.19
sugarcane,22.83,19.16,4.1,Urea,45.83
sugarcane,14.47,39.14,0.56,Urea,46.17
sugarcane,25.19,42.16,29.96,Urea,44.33
sugarcane,29.28,40.85,16.05,Urea,49.45
sugarcane,27.73,26.21,31.99,Urea,45.83
sugarcane,53.95,11.38,13.92,Urea,47.1
sugarcane,18.14,23.45,1.85,Urea,49.03
sugarcane,45.16,31.22,3.36,Potash (MOP),44.19
sugarcane,28.87,37.56,9.0,Urea,44.17
sugarcane,24.01,13.52,1.75,Urea,42.31
sugarcane,56.8,40.85,39.29,Potash (MOP),45.74
sugarcane,14.13,37.65,22.94,Urea,45.79
sugarcane,17.88,33.17,9.04,Urea,45.9
sugarcane,67.06,13.67,0.62,Urea,46.84
sugarcane,35.58,34.94,15.56,Potash (MOP),43.97
sugarcane,11.74,28.25,9.55,Urea,46.59
sugarcane,28.41,40.59,20.75,Urea,44.5
sugarcane,51.54,44.13,14.2,Potash (MOP),45.53
sugarcane,20.28,44.85,11.27,Urea,44.34
sugarcane,49.97,41.94,11.39,Potash (MOP),45.64
sugarcane,27.32,14.46,5.26,Urea,49.05
sugarcane,20.72,13.71,7.34,Urea,42.2
sugarcane,37.52,31.99,18.44,Urea,43.34
sugarcane,67.88,10.79,13.37,Potash (MOP),45.53
sugarcane,58.95,11.28,0.05,NPK 10-26-26,45.36
sugarcane,38.92,11.57,12.38,Urea,47.43
sugarcane,24.76,16.52,19.31,Urea,42.39
sugarcane,18.95,30.72,5.24,Urea,49.22
sugarcane,64.33,25.45,5.19,Urea,40.77
sugarcane,52.73,15.66,0.2,Urea,41.86
sugarcane,66.54,31.33,22.91,Potash (MOP),40.07
sugarcane,68.79,14.87,17.59,Urea,38.14
sugarcane,23.42,25.83,32.45,Urea,41.38
sugarcane,61.62,28.04,11.5,Potash (MOP),40.53
sugarcane,56.25,15.84,24.08,Urea,46.66
sugarcane,34.51,18.15,30.28,Urea,45.73
sugarcane,19.7,32.1,38.51,Urea,41.9
sugarcane,19.14,18.83,7.45,Urea,46.78
sugarcane,19.55,37.92,6.62,Urea,44.2
sugarcane,44.42,21.25,4.45,NPK 10-26-26,46.6
sugarcane,38.31,27.45,32.33,Urea,46.79
sugarcane,66.0,12.8,7.15,NPK 10-26-26,43.23
sugarcane,66.95,43.03,25.33,Potash (MOP),47.62
sugarcane,46.03,14.7,7.44,Urea,46.41
sugarcane,31.07,40.37,1.47,Urea,41.4
sugarcane,13.1,14.17,3.22,Urea,40.99
sugarcane,60.27,12.22,5.32,Potash (MOP),45.5
sugarcane,35.02,38.46,21.83,Potash (MOP),50.25
sugarcane,57.16,26.09,0.29,Urea,40.03
sugarcane,20.09,35.7,11.59,Urea,44.74
sugarcane,22.97,20.85,51.01,Urea,51.62
sugarcane,32.61,12.72,7.69,Urea,42.86
sugarcane,45.64,20.05,28.25,Urea,42.3
sugarcane,34.29,11.39,4.77,Urea,44.04
sugarcane,34.04,26.74,11.77,Urea,45.54
sugarcane,40.54,21.07,26.6,Urea,39.68
sugarcane,66.84,39.58,60.76,Potash (MOP),42.15
sugarcane,26.85,33.22,59.31,Urea,49.5
sugarcane,47.6,40.86,5.99,Potash (MOP),47.5
sugarcane,55.41,44.35,22.36,Potash (MOP),44.43
sugarcane,36.91,28.59,34.62,Potash (MOP),39.88
sugarcane,42.51,43.37,5.6,Potash (MOP),46.96
sugarcane,28.57,26.9,10.86,Urea,41.73
sugarcane,41.82,29.04,2.92,NPK 10-26-26,51.45
sugarcane,67.06,27.68,9.58,Potash (MOP),46.25
sugarcane,37.15,11.29,4.53,Potash (MOP),38.87
sugarcane,10.91,35.54,18.61,Urea,47.5
sugarcane,64.08,29.48,17.32,NPK 10-26-26,46.02
sugarcane,34.2,26.48,33.86,Urea,39.72
sugarcane,54.56,27.7,2.65,Potash (MOP),46.52
sugarcane,31.36,11.47,4.91,Urea,47.19
sugarcane,31.13,25.65,7.19,Urea,43.77
sugarcane,17.24,44.66,26.22,Urea,40.39
sugarcane,48.96,21.43,0.77,Potash (MOP),52.98
sugarcane,60.56,44.75,6.84,Potash (MOP),50.36
sugarcane,66.23,41.29,0.89,Potash (MOP),43.83
sugarcane,20.14,36.41,17.51,Urea,45.02
sugarcane,56.85,17.66,30.75,Urea,41.66
sugarcane,25.87,15.97,13.35,Urea,46.58
sugarcane,39.41,13.85,36.54,NPK 10-26-26,42.14
sugarcane,46.16,28.38,33.17,NPK 10-26-26,47.67
sugarcane,17.55,27.31,9.95,Urea,46.77
sugarcane,30.99,37.63,1.57,Urea,40.66
sugarcane,62.02,36.1,1.32,Urea,42.36
sugarcane,50.52,19.86,0.23,Urea,47.18
sugarcane,37.92,42.14,23.35,Potash (MOP),43.28
sugarcane,27.23,39.59,1.86,Urea,45.3
sugarcane,30.5,21.53,17.43,Urea,43.72
sugarcane,61.01,21.28,5.9,Potash (MOP),43.52
sugarcane,62.65,20.39,87.52,Potash (MOP),45.27
sugarcane,64.25,41.75,2.18,Potash (MOP),46.26
sugarcane,67.41,33.33,7.95,NPK 10-26-26,43.29
sugarcane,68.17,42.15,7.19,Potash (MOP),36.2
sugarcane,62.93,34.1,4.89,Urea,49.01
sugarcane,50.65,13.6,9.64,NPK 10-26-26,51.39
sugarcane,43.8,12.43,13.59,Potash (MOP),45.44
sugarcane,64.8,35.88,6.81,NPK 10-26-26,48.05
sugarcane,55.7,27.55,32.07,Potash (MOP),40.6
sugarcane,67.74,10.52,33.2,NPK 10-26-26,48.47
sugarcane,50.3,16.16,37.52,Urea,43.97
sugarcane,30.15,11.57,17.68,Urea,46.95
sugarcane,10.34,14.69,5.2,Urea,45.21
sugarcane,57.34,40.99,14.44,Potash (MOP),49.66
sugarcane,20.85,26.03,10.63,Urea,41.72
sugarcane,16.29,11.19,20.8,Urea,38.92
sugarcane,36.23,43.52,7.29,Potash (MOP),46.26
sugarcane,16.21,26.23,15.66,Urea,42.64
sugarcane,28.1,33.34,43.43,Urea,38.06
sugarcane,64.84,33.25,10.61,Urea,41.99
sugarcane,14.52,32.43,25.34,Urea,43.77
sugarcane,55.16,38.6,16.44,Potash (MOP),42.29
sugarcane,69.58,16.41,3.62,Urea,47.8
sugarcane,60.16,38.48,1.11,Potash (MOP),45.75
sugarcane,25.55,33.01,2.34,Urea,43.05
sugarcane,33.82,13.59,4.97,Urea,47.51
sugarcane,68.27,41.83,9.1,Potash (MOP),44.34
sugarcane,56.73,15.38,1.49,NPK 10-26-26,41.76
sugarcane,64.58,20.29,6.97,NPK 10-26-26,47.5
sugarcane,43.79,34.89,8.12,Urea,43.89
sugarcane,56.16,41.96,1.23,Potash (MOP),45.94
sugarcane,59.51,29.16,16.59,Urea,49.98
sugarcane,41.35,28.25,6.92,Urea,48.47
sugarcane,19.06,38.83,5.65,Urea,38.28
sugarcane,56.35,26.84,23.34,Potash (MOP),40.67
sugarcane,64.1,12.47,34.8,Urea,46.24
sugarcane,33.94,38.89,1.12,Urea,41.97
sugarcane,21.78,20.5,14.78,Urea,42.74
sugarcane,66.63,21.94,18.73,Urea,46.12
sugarcane,12.23,41.29,34.21,Urea,44.13
sugarcane,60.12,14.5,4.67,Urea,42.61
sugarcane,60.64,17.61,0.22,Urea,48.83
sugarcane,16.79,44.73,9.83,Urea,41.26
sugarcane,48.33,40.67,0.01,Potash (MOP),44.85
sugarcane,30.38,15.08,29.3,Urea,45.49
sugarcane,62.25,10.7,0.86,Urea,45.9
sugarcane,37.99,30.15,12.01,NPK 10-26-26,40.63
sugarcane,43.13,39.62,5.78,Potash (MOP),41.35
sugarcane,26.72,23.29,13.69,Urea,37.37
sugarcane,44.81,32.28,6.5,NPK 10-26-26,42.05
sugarcane,25.18,11.47,1.13,Urea,45.9
potato,24.6,10.68,4.22,NPK 10-26-26,29.49
potato,36.2,41.96,23.5,DAP,31.53
potato,28.33,42.37,6.0,NPK 10-26-26,30.7
potato,49.98,33.49,3.24,DAP,34.26
potato,22.0,26.44,36.38,NPK 10-26-26,30.9
potato,48.27,34.04,0.9,DAP,28.92
potato,35.12,30.43,1.02,DAP,32.16
potato,41.3,15.66,11.49,Urea,28.41
potato,53.6,17.47,0.2,Urea,34.99
potato,26.91,31.9,7.94,NPK 10-26-26,29.98
potato,24.06,28.0,23.95,NPK 10-26-26,31.87
potato,30.31,37.77,3.58,DAP,31.83
potato,54.31,43.19,0.21,DAP,36.95
potato,52.11,16.16,53.73,Urea,28.6
potato,11.23,37.41,1.25,NPK 10-26-26,31.68
potato,46.21,34.04,7.5,DAP,27.73
potato,56.43,44.1,4.74,DAP,32.25
potato,51.18,33.84,3.8,DAP,31.59
potato,42.11,29.69,18.07,DAP,29.17
potato,47.35,21.36,9.17,DAP,32.22
potato,29.44,40.25,22.42,NPK 10-26-26,29.8
potato,30.86,24.43,40.33,DAP,29.93
potato,12.96,34.63,7.97,NPK 10-26-26,28.47
potato,60.39,12.23,5.13,DAP,29.59
potato,64.44,32.29,8.66,DAP,28.74
potato,68.42,36.0,13.94,DAP,33.71
potato,65.31,15.68,2.25,Urea,29.67
potato,11.3,30.79,29.83,NPK 10-26-26,31.72
potato,45.07,17.46,1.42,Urea,35.43
potato,62.45,13.41,11.16,NPK 10-26-26,29.53
potato,58.6,31.37,1.76,DAP,34.15
potato,61.07,33.74,4.33,DAP,28.51
potato,67.23,25.78,2.09,DAP,31.9
potato,36.26,13.31,20.23,Urea,28.61
potato,62.96,38.69,9.41,DAP,26.19
potato,20.37,38.81,24.02,NPK 10-26-26,31.63
potato,56.64,26.22,29.98,DAP,30.35
potato,23.48,26.25,2.96,NPK 10-26-26,32.62
potato,63.04,21.83,12.88,NPK 10-26-26,26.14
potato,15.54,22.6,4.81,NPK 10-26-26,31.73
potato,40.67,44.27,1.99,DAP,32.86
potato,62.61,23.8,18.01,NPK 10-26-26,30.45
potato,52.75,44.05,11.57,DAP,26.89
potato,48.03,30.67,15.83,DAP,30.98
potato,11.56,29.21,13.56,NPK 10-26-26,29.15
potato,26.57,34.91,13.98,NPK 10-26-26,29.14
potato,60.75,20.35,36.47,NPK 10-26-26,33.56
potato,10.77,20.93,6.17,NPK 10-26-26,30.07
potato,19.93,21.77,13.22,NPK 10-26-26,25.0
potato,54.96,35.02,4.94,DAP,31.67
potato,29.39,20.06,2.07,NPK 10-26-26,29.99
potato,57.19,41.94,10.01,DAP,31.36
potato,58.27,34.72,23.82,DAP,28.87
potato,39.97,43.61,6.31,DAP,32.93
potato,68.23,30.41,9.29,DAP,34.17
potato,33.65,11.15,18.51,NPK 10-26-26,32.58
potato,34.26,18.06,3.97,NPK 10-26-26,27.38
potato,26.97,20.74,3.71,NPK 10-26-26,31.52
potato,57.54,21.63,6.36,NPK 10-26-26,31.88
potato,13.7,11.37,12.53,NPK 10-26-26,32.87
potato,63.22,21.31,4.27,NPK 10-26-26,28.95
potato,18.94,35.79,7.83,NPK 10-26-26,28.57
potato,13.76,40.62,12.24,NPK 10-26-26,27.41
potato,27.42,25.94,6.17,NPK 10-26-26,27.12
potato,42.88,37.07,16.83,DAP,31.78
potato,60.41,12.39,1.22,DAP,25.43
potato,64.91,26.2,15.62,DAP,28.89
potato,62.17,13.83,22.31,DAP,29.55
potato,61.67,35.12,4.96,DAP,30.27
potato,38.51,13.01,8.4,DAP,31.11
potato,59.89,39.33,26.83,DAP,32.15
potato,10.86,39.68,19.25,NPK 10-26-26,27.93
potato,41.87,35.57,1.49,DAP,25.47
potato,68.36,40.0,19.82,DAP,31.76
potato,66.02,22.14,34.67,NPK 10-26-26,33.74
potato,11.1,22.64,0.29,NPK 10-26-26,33.7
potato,69.83,14.28,11.74,Urea,29.83
potato,14.33,17.44,2.43,NPK 10-26-26,26.69
potato,67.08,16.7,29.68,Urea,33.28
potato,62.8,26.92,6.68,DAP,30.51
potato,29.53,19.36,11.8,NPK 10-26-26,29.18
potato,21.41,26.64,1.07,NPK 10-26-26,33.94
potato,52.08,28.14,10.29,DAP,32.72
potato,15.43,40.44,7.09,NPK 10-26-26,30.15
potato,62.84,35.51,1.65,DAP,32.53
potato,11.94,14.68,15.14,NPK 10-26-26,33.78
potato,49.76,36.13,19.11,DAP,34.55
potato,44.51,19.13,36.52,NPK 10-26-26,33.13
potato,31.99,35.51,8.36,DAP,31.89
potato,43.11,27.74,5.75,DAP,31.28
potato,25.4,10.73,4.78,NPK 10-26-26,26.86
potato,15.24,35.12,33.75,NPK 10-26-26,30.3
potato,66.21,31.63,0.81,DAP,29.49
potato,50.18,37.28,19.41,DAP,31.93
potato,67.11,35.84,17.72,DAP,31.85
potato,20.77,41.67,5.62,NPK 10-26-26,30.52
potato,17.81,38.93,0.04,NPK 10-26-26,29.43
potato,63.08,34.2,16.46,DAP,33.2
potato,31.92,12.08,26.59,Urea,28.73
potato,68.3,15.15,21.81,DAP,31.83
potato,44.62,12.8,13.84,Urea,34.79
potato,57.9,40.66,10.7,DAP,35.63
potato,39.42,31.76,19.6,DAP,31.22
potato,45.11,44.59,13.29,DAP,24.31
potato,23.45,30.58,25.68,NPK 10-26-26,32.01
potato,63.29,21.72,10.63,Urea,32.2
potato,50.51,29.62,6.59,DAP,26.22
potato,36.42,19.83,1.97,Urea,32.36
potato,15.67,34.84,3.73,NPK 10-26-26,31.82
potato,25.79,33.56,2.94,NPK 10-26-26,30.63
potato,15.6,21.88,14.68,NPK 10-26-26,28.52
potato,52.52,13.6,8.88,NPK 10-26-26,27.88
potato,68.8,31.34,9.53,DAP,36.48
potato,15.44,42.55,14.74,NPK 10-26-26,25.75
potato,21.04,29.69,2.15,NPK 10-26-26,31.03
potato,48.91,30.43,3.04,DAP,30.88
potato,46.21,11.98,14.09,NPK 10-26-26,36.51
potato,27.01,40.51,11.82,NPK 10-26-26,33.75
potato,35.27,28.7,18.23,DAP,27.98
potato,33.12,29.68,38.74,DAP,35.13
potato,54.73,23.66,6.17,Urea,32.54
potato,15.27,40.15,23.63,NPK 10-26-26,31.74
potato,28.93,22.43,0.71,NPK 10-26-26,30.95
potato,15.73,16.79,28.14,NPK 10-26-26,29.95
potato,44.26,32.18,3.11,DAP,31.52
potato,41.4,41.94,27.95,DAP,31.46
potato,53.88,35.69,1.67,DAP,30.25
potato,10.52,15.54,31.86,NPK 10-26-26,30.6
potato,24.39,43.96,13.64,NPK 10-26-26,30.95
potato,23.15,44.44,28.19,NPK 10-26-26,26.19
potato,11.57,43.17,19.15,NPK 10-26-26,31.73
potato,48.82,17.66,21.31,Urea,29.22
potato,50.06,17.19,5.78,Urea,29.04
potato,30.5,15.62,21.83,DAP,32.45
potato,69.19,41.7,39.56,DAP,32.19
potato,42.12,34.78,3.68,DAP,29.9
potato,52.72,42.0,4.67,DAP,29.92
potato,26.01,28.75,26.82,NPK 10-26-26,30.27
potato,26.73,31.74,9.8,NPK 10-26-26,31.27
potato,20.08,32.39,1.84,NPK 10-26-26,25.44
potato,53.86,16.22,94.46,NPK 10-26-26,33.89
potato,30.79,40.13,0.83,DAP,31.13
potato,68.93,41.92,6.77,DAP,33.2
potato,64.08,20.75,9.4,NPK 10-26-26,33.39
potato,53.49,24.05,0.5,NPK 10-26-26,29.0
potato,39.59,25.74,11.03,DAP,28.26
potato,42.69,21.6,2.89,NPK 10-26-26,31.52
potato,27.33,37.52,4.01,NPK 10-26-26,31.11
potato,36.14,44.14,21.8,DAP,33.96
potato,12.98,19.32,19.01,NPK 10-26-26,26.43
potato,44.21,26.44,17.61,DAP,29.96
potato,36.46,41.57,29.13,DAP,30.78
potato,34.54,10.78,15.17,DAP,30.14
potato,12.9,29.58,20.86,NPK 10-26-26,29.58
potato,21.74,22.88,0.25,NPK 10-26-26,32.36
potato,13.8,22.77,46.61,NPK 10-26-26,32.65
potato,33.52,28.42,6.58,DAP,31.93
potato,69.85,37.12,7.77,DAP,31.19
potato,39.67,22.49,63.58,Urea,32.75
potato,11.69,21.94,20.65,NPK 10-26-26,27.29
potato,58.48,18.85,11.63,NPK 10-26-26,26.65
potato,52.19,18.83,36.29,DAP,29.74
potato,42.34,34.75,8.14,DAP,28.63
potato,25.94,39.26,35.11,NPK 10-26-26,32.06
potato,42.34,11.11,39.25,NPK 10-26-26,36.23
potato,35.79,26.29,32.68,DAP,26.43
potato,19.67,13.63,0.04,NPK 10-26-26,28.47
potato,23.2,10.39,3.87,NPK 10-26-26,29.67
potato,29.96,11.1,14.04,NPK 10-26-26,28.35
potato,45.7,44.95,43.36,DAP,31.45
potato,10.16,37.84,6.55,NPK 10-26-26,30.51
potato,29.3,28.31,16.23,NPK 10-26-26,29.95
potato,54.94,18.61,5.82,Urea,30.67
potato,44.14,31.64,1.09,DAP,30.25
potato,49.84,28.48,26.37,DAP,29.06
potato,57.6,34.64,23.53,DAP,29.23
potato,56.92,13.64,4.9,DAP,30.94
potato,16.66,20.14,30.82,NPK 10-26-26,33.24
potato,60.82,41.51,7.38,DAP,26.94
potato,20.85,10.77,3.79,NPK 10-26-26,33.58
potato,46.26,41.65,2.15,DAP,30.29
potato,35.61,22.77,7.88,Urea,32.91
potato,45.83,34.26,9.48,DAP,30.78
potato,14.89,33.87,23.44,NPK 10-26-26,28.23
potato,67.74,15.21,11.4,Urea,31.61
potato,18.73,25.27,15.95,NPK 10-26-26,33.03
potato,52.02,40.21,2.99,DAP,34.72
potato,14.36,11.45,1.61,NPK 10-26-26,33.54
potato,15.24,29.16,3.64,NPK 10-26-26,30.5
potato,51.73,32.85,5.78,DAP,34.34
potato,24.59,21.99,23.89,NPK 10-26-26,26.44
potato,59.07,11.92,18.02,Urea,32.6
potato,40.64,14.41,27.7,Urea,27.52
potato,58.38,26.12,1.17,DAP,30.42
potato,53.14,20.21,0.75,DAP,29.35
potato,31.74,41.97,9.7,DAP,29.57
potato,65.24,21.7,3.85,NPK 10-26-26,26.6
potato,30.76,17.63,4.82,DAP,35.69
potato,51.42,10.0,40.28,DAP,32.99
potato,32.74,12.12,8.12,NPK 10-26-26,30.4
potato,64.47,30.38,2.82,DAP,31.77
potato,51.95,44.49,1.17,DAP,32.75
potato,35.72,18.37,14.93,Urea,35.16
potato,18.55,11.39,18.13,NPK 10-26-26,35.29
potato,17.02,14.44,3.11,NPK 10-26-26,31.74
potato,35.32,19.31,8.72,Urea,28.63
potato,21.47,24.72,13.36,NPK 10-26-26,26.3
potato,65.24,42.03,7.47,DAP,33.34
potato,36.06,34.59,16.31,DAP,27.08
potato,30.88,18.24,9.19,DAP,25.61
potato,46.34,25.36,9.47,DAP,33.78
potato,15.23,37.4,27.03,NPK 10-26-26,30.68
potato,66.57,25.84,10.4,DAP,30.85
potato,40.21,21.63,0.48,Urea,32.65
potato,32.47,29.79,23.93,DAP,32.62
potato,26.31,36.06,8.15,NPK 10-26-26,30.78
potato,39.16,38.09,5.27,DAP,31.14
potato,41.73,37.9,51.78,DAP,28.23
potato,13.32,30.71,17.15,NPK 10-26-26,31.56
potato,19.69,23.45,13.2,NPK 10-26-26,36.51
potato,53.51,32.24,18.78,DAP,35.93
potato,18.62,15.69,2.67,NPK 10-26-26,29.47
potato,63.45,12.66,24.26,NPK 10-26-26,28.5
potato,21.4,35.17,9.21,NPK 10-26-26,27.28
potato,36.6,31.16,2.57,DAP,30.75
potato,31.99,14.43,2.76,DAP,33.83
potato,26.49,37.62,28.92,NPK 10-26-26,33.34
potato,21.91,10.12,30.7,NPK 10-26-26,29.72
potato,29.59,24.51,8.87,NPK 10-26-26,29.7
potato,63.54,31.59,11.24,DAP,33.79
potato,29.54,18.53,14.67,NPK 10-26-26,33.59
potato,39.5,27.91,8.09,DAP,30.67
potato,57.36,24.87,4.71,Urea,33.95
potato,57.17,40.01,24.16,DAP,30.33
potato,24.1,29.56,7.3,NPK 10-26-26,27.42
potato,28.95,40.02,34.18,NPK 10-26-26,30.58
potato,46.61,27.44,18.72,DAP,31.54
potato,21.41,25.72,37.56,NPK 10-26-26,31.12
potato,64.88,27.34,2.17,DAP,32.02
potato,56.39,26.19,3.42,DAP,34.78
potato,11.44,29.57,2.63,NPK 10-26-26,30.2
potato,36.52,19.6,2.12,DAP,27.06
potato,35.02,23.15,6.46,Urea,29.35
potato,48.42,42.18,10.67,DAP,29.54
potato,27.88,15.57,26.59,NPK 10-26-26,30.82
potato,27.46,31.05,22.4,NPK 10-26-26,31.57
potato,37.32,32.05,18.91,DAP,32.61
potato,39.2,34.43,7.56,DAP,35.96
potato,17.57,27.11,11.07,NPK 10-26-26,29.59
potato,19.3,28.75,5.51,NPK 10-26-26,26.76
potato,39.36,17.86,0.83,Urea,30.59
potato,19.82,42.55,5.98,NPK 10-26-26,36.64
potato,57.29,41.2,6.38,DAP,32.44
potato,64.26,18.8,40.17,NPK 10-26-26,33.36
potato,65.34,34.24,4.27,DAP,29.31
potato,25.81,18.06,16.12,NPK 10-26-26,29.03
potato,16.96,23.56,14.71,NPK 10-26-26,29.98
potato,14.91,14.41,27.1,NPK 10-26-26,30.51
potato,49.47,12.26,7.44,Urea,30.9
potato,54.99,20.6,22.66,Urea,32.85
potato,35.8,26.78,39.13,DAP,32.92
potato,25.09,20.12,6.87,NPK 10-26-26,36.09
potato,37.02,38.63,0.21,DAP,30.42
potato,23.83,27.79,16.17,NPK 10-26-26,33.65
potato,12.69,35.05,21.45,NPK 10-26-26,29.96
potato,22.23,37.88,4.76,NPK 10-26-26,29.96
potato,57.76,28.92,21.86,DAP,25.12
potato,64.64,35.04,9.93,DAP,32.92
potato,48.25,31.55,6.65,DAP,25.66
potato,69.97,30.3,1.45,DAP,28.76
potato,41.15,11.75,5.11,NPK 10-26-26,32.76
potato,45.24,15.64,0.23,DAP,32.32
potato,59.03,18.32,20.83,NPK 10-26-26,27.92
potato,66.4,29.08,14.33,DAP,30.46
potato,66.0,42.61,12.73,DAP,28.42
potato,43.59,24.55,32.88,DAP,36.09
potato,61.35,29.87,25.17,DAP,35.93
potato,62.06,23.7,0.2,Urea,30.76
potato,39.89,14.46,1.84,Urea,34.59
potato,48.78,16.24,51.96,DAP,27.88
potato,57.58,27.11,19.73,DAP,26.38
potato,60.48,11.24,55.18,NPK 10-26-26,27.42
potato,48.79,36.67,3.94,DAP,31.29
potato,10.34,24.55,8.61,NPK 10-26-26,32.11
potato,58.55,20.68,6.03,DAP,34.14
potato,43.9,31.53,10.46,DAP,36.66
potato,11.02,41.5,26.32,NPK 10-26-26,30.03
potato,56.23,44.3,45.28,DAP,27.36
potato,63.96,15.54,36.88,DAP,35.79
potato,27.0,30.71,6.63,NPK 10-26-26,27.38
potato,55.52,12.12,37.51,Urea,33.85
potato,16.4,42.11,33.85,NPK 10-26-26,28.66
potato,64.53,35.89,1.7,DAP,27.81
potato,69.26,21.66,13.2,DAP,30.46
potato,67.58,16.48,2.58,DAP,38.01
potato,15.65,40.94,11.77,NPK 10-26-26,28.74
potato,12.41,42.2,10.08,NPK 10-26-26,32.57
potato,63.94,26.03,8.7,DAP,29.94
potato,20.51,43.89,3.6,NPK 10-26-26,32.66
potato,24.57,42.86,0.16,NPK 10-26-26,27.8
potato,10.35,27.67,10.04,NPK 10-26-26,30.94
potato,34.7,41.16,0.14,DAP,27.23
potato,68.58,31.85,2.47,DAP,31.15
potato,24.09,20.54,4.22,NPK 10-26-26,29.16
potato,49.01,29.37,1.22,DAP,35.38
potato,14.87,41.14,12.95,NPK 10-26-26,31.4
potato,67.04,15.18,75.69,NPK 10-26-26,29.27
potato,35.98,17.51,8.42,NPK 10-26-26,30.04
potato,44.45,34.28,16.99,DAP,30.05
potato,29.07,22.61,6.11,NPK 10-26-26,37.32
potato,29.47,34.31,13.29,NPK 10-26-26,36.17
potato,52.16,31.48,5.59,DAP,25.35
potato,57.86,13.86,12.62,NPK 10-26-26,28.47
potato,35.2,23.45,28.67,DAP,33.93
potato,33.15,34.55,1.42,DAP,27.56
potato,26.66,32.64,0.24,NPK 10-26-26,31.61
potato,20.81,42.55,16.34,NPK 10-26-26,30.42
potato,45.16,17.8,48.35,DAP,30.75
potato,46.18,38.56,5.62,DAP,29.87
potato,50.66,16.55,17.11,Urea,26.58
potato,17.83,35.02,17.12,NPK 10-26-26,29.07
potato,30.4,42.1,21.11,DAP,33.5
potato,49.32,18.89,17.99,Urea,33.12
potato,68.54,43.33,5.9,DAP,32.21
potato,35.3,13.83,4.27,NPK 10-26-26,28.4
potato,66.46,17.53,75.82,DAP,33.56
potato,28.29,25.69,6.81,NPK 10-26-26,34.14
potato,30.86,37.5,3.8,DAP,30.83
potato,56.34,25.98,1.71,DAP,29.01
potato,54.96,12.55,16.16,NPK 10-26-26,26.37
potato,49.24,36.62,2.94,DAP,32.92
potato,46.65,31.4,20.0,DAP,31.38
potato,29.99,34.52,37.2,NPK 10-26-26,30.3
potato,61.14,38.84,33.37,DAP,26.55
potato,66.43,25.65,16.02,DAP,26.18
potato,35.9,36.01,10.44,DAP,27.46
potato,58.84,36.08,0.31,DAP,28.08
potato,37.4,38.64,11.9,DAP,37.0
potato,63.14,34.95,12.07,DAP,26.44
potato,69.06,28.98,16.29,DAP,29.92
potato,26.73,21.26,6.13,NPK 10-26-26,30.25
potato,41.06,30.72,21.97,DAP,36.69
potato,15.42,37.19,12.43,NPK 10-26-26,27.35
potato,34.56,18.09,58.16,DAP,34.58
potato,56.77,29.3,3.01,DAP,35.59
potato,51.14,13.85,52.18,DAP,29.77
potato,46.59,30.29,85.84,DAP,33.73
potato,44.88,44.16,26.39,DAP,28.84
potato,69.91,30.59,3.43,DAP,36.57
potato,56.46,10.02,10.55,Urea,31.1
potato,62.24,26.09,5.33,DAP,35.37
potato,33.91,10.99,1.48,DAP,33.94
potato,13.39,30.72,3.04,NPK 10-26-26,28.73
potato,12.3,16.2,15.77,NPK 10-26-26,28.29
potato,39.92,37.91,0.95,DAP,33.3
potato,27.55,28.26,10.71,NPK 10-26-26,27.84
potato,31.67,35.11,13.73,DAP,32.12
potato,66.4,43.44,31.97,DAP,31.02
potato,25.31,22.25,3.94,NPK 10-26-26,27.45
potato,23.41,18.65,15.31,NPK 10-26-26,29.43
potato,14.56,30.04,25.66,NPK 10-26-26,29.28
potato,64.88,36.95,0.08,DAP,32.31
potato,54.24,35.81,10.3,DAP,31.3
potato,55.94,19.48,16.5,NPK 10-26-26,29.32
potato,56.71,40.59,2.53,DAP,29.34
potato,35.64,41.55,9.09,DAP,33.19
potato,21.82,15.6,9.61,NPK 10-26-26,32.1
potato,54.87,41.34,1.19,DAP,31.84
potato,65.8,23.87,38.19,NPK 10-26-26,33.97
potato,69.81,36.91,7.23,DAP,33.71
potato,43.43,22.83,3.27,NPK 10-26-26,31.03
potato,52.36,29.95,0.59,DAP,35.29
potato,57.77,12.25,43.02,DAP,28.79
potato,63.7,44.3,2.37,DAP,31.06
potato,27.75,10.56,23.19,NPK 10-26-26,33.39
potato,12.35,35.04,11.31,NPK 10-26-26,25.92
potato,53.5,37.63,1.4,DAP,36.54
potato,41.0,16.38,23.81,NPK 10-26-26,33.89
potato,50.29,13.46,16.36,DAP,23.42
potato,63.22,18.58,7.62,NPK 10-26-26,28.5
potato,68.11,43.2,3.22,DAP,37.69
potato,37.75,43.31,6.08,DAP,31.36
potato,41.64,12.64,28.68,NPK 10-26-26,30.37
potato,10.66,29.06,8.57,NPK 10-26-26,31.05
potato,37.07,24.01,37.47,DAP,28.86
potato,52.07,42.62,9.21,DAP,34.17
potato,24.65,42.12,9.59,NPK 10-26-26,25.77
potato,35.38,33.58,8.53,DAP,27.71
potato,29.45,36.03,3.4,NPK 10-26-26,32.92
potato,62.0,18.44,3.18,Urea,28.09
potato,37.11,10.32,23.59,DAP,31.39
potato,37.11,40.03,12.83,DAP,30.43
potato,47.12,42.7,2.7,DAP,28.94
potato,31.54,15.18,3.12,Urea,31.2
potato,38.38,26.27,15.9,DAP,27.54
potato,40.47,41.74,2.61,DAP,30.72
potato,51.39,30.79,20.71,DAP,34.14
potato,24.8,35.88,22.78,NPK 10-26-26,32.1
potato,33.85,23.44,16.09,DAP,26.83
potato,19.74,17.2,10.18,NPK 10-26-26,30.55
tomato,24.27,13.39,24.25,NPK 19-19-19,17.88
tomato,38.29,12.39,13.03,Calcium Nitrate,21.92
tomato,52.83,11.05,5.15,Calcium Nitrate,20.04
tomato,16.58,28.06,12.27,NPK 19-19-19,22.87
tomato,15.41,19.96,4.57,NPK 19-19-19,19.79
tomato,12.23,32.8,66.96,NPK 19-19-19,18.58
tomato,48.04,22.64,16.54,NPK 19-19-19,27.55
tomato,50.56,34.35,19.58,Calcium Nitrate,17.94
tomato,49.09,13.3,17.83,Urea,21.97
tomato,62.08,44.89,22.65,Calcium Nitrate,27.42
tomato,46.75,12.76,19.46,Urea,22.56
tomato,24.47,41.03,15.24,NPK 19-19-19,23.45
tomato,67.2,44.32,0.05,Calcium Nitrate,21.88
tomato,67.35,44.8,12.57,Calcium Nitrate,18.42
tomato,20.43,15.71,21.65,NPK 19-19-19,25.02
tomato,37.95,35.38,29.28,Calcium Nitrate,28.14
tomato,28.18,17.73,16.64,Calcium Nitrate,24.2
tomato,68.54,42.82,8.37,Calcium Nitrate,26.37
tomato,53.41,39.03,34.37,Calcium Nitrate,20.93
tomato,29.21,25.21,2.78,NPK 19-19-19,20.27
tomato,59.63,16.55,6.71,Calcium Nitrate,21.98
tomato,62.88,14.6,23.95,NPK 19-19-19,23.29
tomato,59.39,19.53,73.8,NPK 19-19-19,24.39
tomato,48.03,17.54,6.15,Calcium Nitrate,20.44
tomato,21.82,43.65,4.21,NPK 19-19-19,20.75
tomato,61.88,18.74,1.32,NPK 19-19-19,22.7
tomato,29.24,43.66,13.36,Calcium Nitrate,17.95
tomato,34.29,28.85,27.83,Calcium Nitrate,22.92
tomato,26.15,42.4,5.13,NPK 19-19-19,24.86
tomato,36.3,18.34,11.9,Calcium Nitrate,20.5
tomato,59.21,41.63,1.55,Calcium Nitrate,21.89
tomato,25.14,12.05,7.69,NPK 19-19-19,20.97
tomato,59.19,14.43,16.71,NPK 19-19-19,23.46
tomato,26.62,17.52,36.94,NPK 19-19-19,22.94
tomato,55.84,13.97,3.58,Urea,19.75
tomato,40.96,35.73,1.49,Calcium Nitrate,18.97
tomato,27.8,42.43,8.41,NPK 19-19-19,16.01
tomato,57.45,15.58,4.36,Urea,22.19
tomato,22.35,37.09,0.12,NPK 19-19-19,20.67
tomato,45.83,16.81,6.82,Calcium Nitrate,20.48
tomato,55.81,34.98,16.29,Calcium Nitrate,19.3
tomato,18.79,24.36,1.17,NPK 19-19-19,18.83
tomato,55.0,37.57,12.81,Calcium Nitrate,23.95
tomato,42.39,21.32,9.77,NPK 19-19-19,22.97
tomato,61.34,38.82,33.58,Calcium Nitrate,19.27
tomato,39.13,37.96,45.29,Calcium Nitrate,20.25
tomato,63.37,26.01,15.18,Urea,15.55
tomato,47.82,12.4,2.35,NPK 19-19-19,23.21
tomato,17.32,44.39,0.19,NPK 19-19-19,20.57
tomato,17.96,15.51,18.12,NPK 19-19-19,23.95
tomato,62.24,32.44,39.62,Calcium Nitrate,17.82
tomato,37.27,13.29,4.97,Urea,24.69
tomato,15.18,22.56,7.97,NPK 19-19-19,21.65
tomato,53.86,10.67,9.37,Urea,25.29
tomato,23.47,19.3,1.47,NPK 19-19-19,20.99
tomato,30.83,15.91,27.3,NPK 19-19-19,31.3
tomato,55.11,15.36,7.56,Urea,21.44
tomato,53.88,26.01,0.79,Urea,20.56
tomato,48.54,33.85,3.56,Calcium Nitrate,21.2
tomato,42.18,29.1,5.07,Calcium Nitrate,25.83
tomato,20.77,17.16,0.18,NPK 19-19-19,19.39
tomato,29.29,31.99,33.73,Calcium Nitrate,20.73
tomato,60.38,18.84,2.16,NPK 19-19-19,20.87
tomato,25.44,35.41,18.4,NPK 19-19-19,23.14
tomato,66.23,17.19,18.33,Urea,24.45
tomato,62.13,30.1,3.76,Calcium Nitrate,21.54
tomato,34.2,44.15,14.04,Calcium Nitrate,20.71
tomato,41.92,25.01,18.21,NPK 19-19-19,25.92
tomato,66.51,11.46,21.87,NPK 19-19-19,21.08
tomato,52.48,12.45,39.63,Calcium Nitrate,23.25
tomato,66.21,31.82,34.23,Calcium Nitrate,22.75
tomato,56.34,19.51,20.25,NPK 19-19-19,18.23
tomato,28.28,44.91,16.12,Calcium Nitrate,21.14
tomato,52.62,26.09,5.97,NPK 19-19-19,23.86
tomato,19.72,16.23,1.21,NPK 19-19-19,24.65
tomato,11.25,12.32,9.17,NPK 19-19-19,22.57
tomato,54.26,15.52,4.75,NPK 19-19-19,22.03
tomato,30.62,14.01,0.81,NPK 19-19-19,16.81
tomato,38.62,42.71,5.12,Calcium Nitrate,24.33
tomato,23.29,41.61,10.14,NPK 19-19-19,24.27
tomato,50.73,15.1,4.47,NPK 19-19-19,20.45
tomato,17.2,18.66,24.01,NPK 19-19-19,20.07
tomato,17.95,44.8,5.94,NPK 19-19-19,22.32
tomato,13.04,38.04,8.69,NPK 19-19-19,17.56
tomato,51.95,16.11,15.42,Calcium Nitrate,14.54
tomato,58.23,21.22,9.19,Urea,21.42
tomato,44.32,24.71,0.9,Calcium Nitrate,21.85
tomato,68.03,33.16,35.31,Calcium Nitrate,13.64
tomato,20.73,26.91,35.9,NPK 19-19-19,19.18
tomato,62.77,18.82,0.34,NPK 19-19-19,21.2
tomato,19.35,15.22,9.94,NPK 19-19-19,21.26
tomato,37.72,40.94,5.27,Calcium Nitrate,18.19
tomato,43.64,36.02,13.59,Calcium Nitrate,21.85
tomato,64.11,18.58,12.34,NPK 19-19-19,23.07
tomato,14.36,16.57,20.56,NPK 19-19-19,24.58
tomato,24.97,21.63,50.67,NPK 19-19-19,28.45
tomato,24.44,41.56,13.03,NPK 19-19-19,21.23
tomato,66.91,24.65,29.86,Urea,18.34
tomato,57.41,12.78,0.3,Urea,27.01
tomato,32.96,10.39,6.03,Urea,22.84
tomato,23.54,34.07,23.73,NPK 19-19-19,24.64
tomato,61.29,40.73,16.23,Calcium Nitrate,21.12
tomato,28.29,26.84,18.59,Urea,21.09
tomato,65.73,33.91,15.98,Calcium Nitrate,21.07
tomato,43.33,20.25,14.55,Urea,16.23
tomato,42.56,15.91,20.54,Urea,22.54
tomato,49.61,32.08,8.12,Calcium Nitrate,26.32
tomato,54.4,27.86,52.24,Urea,18.87
tomato,36.92,13.84,10.89,Calcium Nitrate,19.46
tomato,44.44,41.52,22.72,Calcium Nitrate,21.55
tomato,57.18,15.6,6.66,NPK 19-19-19,23.77
tomato,31.89,29.62,8.66,NPK 19-19-19,16.24
tomato,13.87,16.38,10.04,NPK 19-19-19,18.13
tomato,18.8,32.96,12.25,NPK 19-19-19,19.73
tomato,60.56,16.41,28.26,NPK 19-19-19,16.96
tomato,10.86,10.73,14.2,NPK 19-19-19,22.65
tomato,11.31,44.78,3.04,NPK 19-19-19,19.14
tomato,42.41,12.82,21.84,Calcium Nitrate,22.94
tomato,33.59,38.62,5.93,Calcium Nitrate,19.09
tomato,60.58,43.83,18.7,Calcium Nitrate,22.41
tomato,35.14,43.19,51.9,Calcium Nitrate,21.09
tomato,57.38,32.9,2.97,Calcium Nitrate,23.53
tomato,42.13,36.17,33.94,Calcium Nitrate,12.39
tomato,63.92,10.07,20.13,Urea,16.48
tomato,57.84,21.18,15.55,Calcium Nitrate,19.94
tomato,52.36,34.49,76.01,Calcium Nitrate,24.54
tomato,38.19,35.82,0.75,Calcium Nitrate,17.46
tomato,60.43,39.4,4.04,Calcium Nitrate,21.02
tomato,29.1,34.59,20.11,Calcium Nitrate,20.8
tomato,29.62,30.89,25.53,Calcium Nitrate,24.6
tomato,38.52,35.82,0.29,Calcium Nitrate,16.73
tomato,16.17,38.57,21.96,NPK 19-19-19,17.15
tomato,47.81,13.55,4.56,NPK 19-19-19,25.15
tomato,59.07,18.59,22.1,Calcium Nitrate,18.34
tomato,42.45,42.26,0.43,Calcium Nitrate,19.61
tomato,41.99,33.79,0.89,Calcium Nitrate,20.3
tomato,14.22,40.44,9.14,NPK 19-19-19,23.52
tomato,29.21,41.4,54.89,Calcium Nitrate,21.33
tomato,24.5,27.99,11.47,NPK 19-19-19,20.28
tomato,57.88,43.99,27.52,Calcium Nitrate,23.78
tomato,64.55,34.79,35.14,Calcium Nitrate,23.04
tomato,53.91,25.37,1.25,NPK 19-19-19,19.06
tomato,35.86,44.46,3.64,Calcium Nitrate,22.36
tomato,59.01,26.69,22.98,Urea,26.91
tomato,42.2,32.01,24.91,Calcium Nitrate,23.83
tomato,35.94,35.46,10.14,Calcium Nitrate,23.83
tomato,14.02,41.16,33.13,NPK 19-19-19,23.29
tomato,55.48,24.03,6.04,Urea,20.74
tomato,45.24,41.51,9.61,Calcium Nitrate,29.05
tomato,35.55,21.43,15.37,NPK 19-19-19,19.45
tomato,61.5,20.33,40.53,Urea,20.68
tomato,24.09,44.87,0.07,NPK 19-19-19,20.27
tomato,48.38,40.44,16.73,Calcium Nitrate,22.71
tomato,63.61,25.19,12.78,Calcium Nitrate,21.14
tomato,21.02,24.02,1.06,NPK 19-19-19,22.88
tomato,12.75,33.09,22.38,NPK 19-19-19,21.79
tomato,22.79,19.56,3.38,NPK 19-19-19,19.59
tomato,32.22,22.91,24.7,Urea,20.51
tomato,30.56,33.38,51.01,Calcium Nitrate,26.26
tomato,27.76,19.32,12.81,NPK 19-19-19,18.6
tomato,68.76,25.86,41.62,Urea,18.93
tomato,63.11,12.81,13.95,Urea,18.62
tomato,69.62,36.34,8.64,Calcium Nitrate,19.24
tomato,39.72,42.58,34.04,Calcium Nitrate,22.15
tomato,30.24,28.6,17.93,Calcium Nitrate,18.34
tomato,58.07,29.1,5.27,Calcium Nitrate,19.04
tomato,23.13,16.48,29.49,NPK 19-19-19,20.68
tomato,33.34,34.13,4.64,Calcium Nitrate,26.15
tomato,11.23,17.49,3.07,NPK 19-19-19,21.41
tomato,38.47,35.75,5.91,Calcium Nitrate,21.25
tomato,21.67,18.07,33.27,NPK 19-19-19,22.44
tomato,36.83,42.7,7.87,Calcium Nitrate,20.77
tomato,20.66,29.22,13.29,NPK 19-19-19,18.01
tomato,12.92,31.94,40.55,NPK 19-19-19,26.84
tomato,67.45,30.89,0.3,Calcium Nitrate,24.75
tomato,59.49,30.63,22.96,Calcium Nitrate,22.07
tomato,17.54,32.37,46.01,NPK 19-19-19,23.0
tomato,29.25,38.6,17.92,Calcium Nitrate,19.43
tomato,65.57,34.92,7.92,Calcium Nitrate,26.65
tomato,16.3,41.18,8.58,NPK 19-19-19,18.74
tomato,65.18,34.75,1.94,Calcium Nitrate,24.0
tomato,58.0,24.63,46.54,Urea,21.98
tomato,56.93,34.31,66.28,Calcium Nitrate,13.28
tomato,27.2,26.69,30.94,NPK 19-19-19,22.66
tomato,12.55,44.23,75.1,NPK 19-19-19,16.46
tomato,23.38,19.68,0.77,NPK 19-19-19,24.43
tomato,38.51,12.01,19.01,Urea,15.12
tomato,47.53,39.3,0.95,Calcium Nitrate,21.42
tomato,68.33,13.38,10.75,NPK 19-19-19,22.75
tomato,28.06,42.93,4.95,Calcium Nitrate,20.47
tomato,65.61,43.73,2.36,Calcium Nitrate,20.63
tomato,69.62,27.1,11.99,Calcium Nitrate,17.11
tomato,68.1,37.42,3.81,Calcium Nitrate,19.71
tomato,48.67,16.33,4.46,Urea,20.63
tomato,10.25,22.4,1.85,NPK 19-19-19,17.48
tomato,59.33,12.82,30.11,Calcium Nitrate,20.57
tomato,56.97,36.56,24.01,Calcium Nitrate,25.16
tomato,40.52,19.72,5.41,Urea,20.45
tomato,59.38,23.11,37.29,NPK 19-19-19,23.17
tomato,66.29,34.35,5.89,Calcium Nitrate,21.61
tomato,23.14,12.81,18.5,NPK 19-19-19,29.83
tomato,38.34,26.9,12.7,Urea,21.9
tomato,25.94,44.8,4.03,NPK 19-19-19,23.83
tomato,61.56,23.55,31.27,Calcium Nitrate,18.25
tomato,23.33,35.96,0.96,NPK 19-19-19,21.85
tomato,43.4,24.62,12.85,Urea,20.68
tomato,37.35,29.52,17.39,NPK 19-19-19,23.04
tomato,24.05,44.12,16.4,NPK 19-19-19,23.83
tomato,37.15,15.51,11.43,Urea,20.05
tomato,22.43,22.65,10.08,NPK 19-19-19,18.89
tomato,67.54,43.58,22.02,Calcium Nitrate,24.89
tomato,17.44,38.3,2.41,NPK 19-19-19,14.16
tomato,33.0,12.41,11.15,Urea,25.79
tomato,55.27,16.62,43.91,NPK 19-19-19,31.63
tomato,28.1,12.37,0.58,Urea,25.66
tomato,63.02,36.84,0.52,Calcium Nitrate,19.45
tomato,59.64,37.11,16.6,Calcium Nitrate,19.35
tomato,37.65,11.63,5.23,NPK 19-19-19,21.16
tomato,25.84,17.89,17.47,NPK 19-19-19,18.26
tomato,52.55,44.01,2.65,Calcium Nitrate,16.34
tomato,13.76,16.82,19.92,NPK 19-19-19,22.58
tomato,45.42,20.3,1.07,Urea,17.59
tomato,38.13,44.96,2.59,Calcium Nitrate,24.07
tomato,20.68,37.69,5.33,NPK 19-19-19,25.5
tomato,18.1,24.79,1.43,NPK 19-19-19,19.25
tomato,61.11,37.74,8.77,Calcium Nitrate,17.36
tomato,53.47,29.9,6.25,Calcium Nitrate,22.79
tomato,36.92,11.38,4.82,Urea,17.7
tomato,62.14,15.68,32.3,Calcium Nitrate,18.62
tomato,53.52,26.83,12.19,Calcium Nitrate,17.06
tomato,50.11,20.79,3.53,Urea,23.26
tomato,55.24,42.58,17.62,Calcium Nitrate,20.54
tomato,50.47,10.12,9.65,Urea,22.2
tomato,20.38,10.26,10.44,NPK 19-19-19,20.19
tomato,19.67,43.79,3.42,NPK 19-19-19,33.94
tomato,13.19,18.4,26.77,NPK 19-19-19,19.03
tomato,37.75,25.21,18.0,Calcium Nitrate,20.37
tomato,59.03,13.03,5.19,NPK 19-19-19,20.77
tomato,61.31,12.73,12.87,Calcium Nitrate,15.87
tomato,26.94,19.63,23.98,NPK 19-19-19,26.06
tomato,68.44,22.18,0.6,NPK 19-19-19,25.8
tomato,38.33,15.46,0.12,Urea,25.17
tomato,63.15,37.59,9.67,Calcium Nitrate,21.71
tomato,40.12,31.36,3.09,Calcium Nitrate,15.63
tomato,49.34,25.98,14.52,Calcium Nitrate,17.28
tomato,62.52,27.08,3.82,Calcium Nitrate,20.54
tomato,40.98,20.2,27.39,Calcium Nitrate,16.04
tomato,49.46,19.63,25.74,Calcium Nitrate,22.37
tomato,36.61,22.02,3.6,NPK 19-19-19,20.87
tomato,54.25,32.93,3.24,Calcium Nitrate,19.73
tomato,31.37,19.22,14.25,Calcium Nitrate,24.43
tomato,38.46,12.09,1.76,NPK 19-19-19,20.45
tomato,35.71,23.23,3.95,Calcium Nitrate,23.67
tomato,23.94,44.09,12.67,NPK 19-19-19,25.15
tomato,64.41,40.07,6.08,Calcium Nitrate,14.24
tomato,52.54,30.58,23.05,Calcium Nitrate,25.3
tomato,10.71,34.07,5.76,NPK 19-19-19,23.49
tomato,15.35,18.0,3.42,NPK 19-19-19,19.68
tomato,35.19,21.28,19.12,Calcium Nitrate,24.11
tomato,67.24,13.96,3.49,NPK 19-19-19,14.35
tomato,17.97,14.45,5.84,NPK 19-19-19,19.4
tomato,67.39,34.68,3.98,Calcium Nitrate,19.99
tomato,22.45,40.03,3.17,NPK 19-19-19,22.25
tomato,46.58,44.99,24.3,Calcium Nitrate,19.87
tomato,35.73,33.68,25.54,Calcium Nitrate,16.19
tomato,22.61,20.33,28.26,NPK 19-19-19,21.82
tomato,32.83,20.03,24.59,NPK 19-19-19,23.78
tomato,53.93,13.08,19.46,Calcium Nitrate,25.27
tomato,53.05,28.08,0.12,NPK 19-19-19,19.32
tomato,47.81,12.75,2.89,NPK 19-19-19,21.39
tomato,19.3,31.85,1.02,NPK 19-19-19,22.2
tomato,63.64,14.07,9.1,Calcium Nitrate,24.41
tomato,30.19,10.01,33.25,Urea,26.09
tomato,55.72,28.05,39.54,Urea,20.67
tomato,64.79,29.59,13.66,NPK 19-19-19,21.87
tomato,32.47,36.16,24.76,Calcium Nitrate,19.95
tomato,43.13,10.06,15.17,Urea,20.59
tomato,45.84,19.22,4.48,Urea,23.35
tomato,22.65,29.56,44.87,NPK 19-19-19,16.8
tomato,48.31,31.87,13.63,Calcium Nitrate,24.1
tomato,19.57,32.21,8.44,NPK 19-19-19,21.59
tomato,69.36,22.24,50.53,Urea,20.39
tomato,13.99,24.88,2.02,NPK 19-19-19,24.29
tomato,15.43,42.53,9.51,NPK 19-19-19,24.43
tomato,61.14,10.44,5.31,NPK 19-19-19,17.04
tomato,19.98,30.75,21.49,NPK 19-19-19,22.98
tomato,29.93,30.24,1.55,Calcium Nitrate,20.93
tomato,69.85,44.25,22.63,Calcium Nitrate,23.02
tomato,11.2,29.02,1.36,NPK 19-19-19,22.01
tomato,68.34,31.29,11.08,Calcium Nitrate,22.19
tomato,41.14,23.53,9.49,Calcium Nitrate,19.05
tomato,11.89,24.36,9.22,NPK 19-19-19,19.25
tomato,67.87,39.08,2.74,Calcium Nitrate,19.91
tomato,14.67,39.3,55.92,NPK 19-19-19,22.97
tomato,15.29,38.49,29.41,NPK 19-19-19,20.43
tomato,54.02,38.27,6.55,Calcium Nitrate,19.61
tomato,19.6,32.69,18.16,NPK 19-19-19,17.99
tomato,60.67,32.58,30.51,Calcium Nitrate,21.54
tomato,65.98,38.2,47.79,Calcium Nitrate,21.88
tomato,53.69,34.48,14.56,Calcium Nitrate,22.95
tomato,11.16,22.46,1.58,NPK 19-19-19,20.28
tomato,65.2,25.8,3.15,NPK 19-19-19,20.93
tomato,21.79,38.16,5.48,NPK 19-19-19,23.84
tomato,43.55,41.06,7.99,Calcium Nitrate,20.33
tomato,30.64,27.72,0.95,Urea,20.21
tomato,33.48,43.66,21.67,Calcium Nitrate,20.09
tomato,29.18,43.31,15.56,Calcium Nitrate,16.33
tomato,34.64,18.15,7.33,Calcium Nitrate,14.23
tomato,41.68,36.66,6.67,Calcium Nitrate,23.29
tomato,67.71,23.48,34.72,Urea,26.47
tomato,40.26,33.42,34.27,Calcium Nitrate,20.8
tomato,12.01,42.04,34.9,NPK 19-19-19,27.99
tomato,32.72,11.02,19.83,Calcium Nitrate,18.07
tomato,21.4,35.06,0.78,NPK 19-19-19,22.44
tomato,38.82,15.19,8.52,Urea,21.31
tomato,60.09,28.86,0.07,Urea,25.7
tomato,37.03,26.68,0.73,NPK 19-19-19,15.58
tomato,34.98,37.91,2.65,Calcium Nitrate,23.72
tomato,47.15,27.7,5.46,NPK 19-19-19,17.91
tomato,50.06,38.08,54.0,Calcium Nitrate,29.62
tomato,47.76,40.61,0.02,Calcium Nitrate,17.05
tomato,15.65,28.62,20.61,NPK 19-19-19,21.97
tomato,34.74,33.45,10.09,Calcium Nitrate,16.28
tomato,32.96,22.24,15.58,Calcium Nitrate,19.93
tomato,69.39,42.74,11.43,Calcium Nitrate,22.81
tomato,45.7,13.55,0.03,Urea,26.18
tomato,52.15,12.1,16.65,Calcium Nitrate,23.85
tomato,66.91,34.5,4.85,Calcium Nitrate,16.43
tomato,66.34,11.26,57.99,NPK 19-19-19,25.1
tomato,27.23,36.96,8.7,NPK 19-19-19,23.19
tomato,50.21,25.95,44.52,NPK 19-19-19,16.48
tomato,64.93,40.49,8.33,Calcium Nitrate,25.56
tomato,23.9,19.54,3.73,NPK 19-19-19,24.76
tomato,56.42,37.84,8.92,Calcium Nitrate,21.86
tomato,29.35,36.51,23.65,Calcium Nitrate,16.23
tomato,21.77,34.3,4.69,NPK 19-19-19,24.59
tomato,64.77,20.43,12.15,NPK 19-19-19,22.03
tomato,44.71,18.05,0.23,Urea,22.54
tomato,16.3,25.06,23.11,NPK 19-19-19,16.51
tomato,11.66,20.96,18.74,NPK 19-19-19,20.46
tomato,18.86,21.93,0.31,NPK 19-19-19,23.34
tomato,44.11,10.91,3.68,NPK 19-19-19,22.57
tomato,45.25,27.37,37.13,Urea,23.65
tomato,58.18,43.09,90.16,Calcium Nitrate,19.81
tomato,68.58,24.35,4.32,Calcium Nitrate,25.43
tomato,21.71,36.91,1.24,NPK 19-19-19,24.25
tomato,49.39,11.95,1.84,Urea,21.07
tomato,69.66,22.19,21.46,Calcium Nitrate,20.43
tomato,37.27,16.48,3.2,NPK 19-19-19,23.05
tomato,36.85,15.55,11.38,NPK 19-19-19,17.64
tomato,68.77,33.72,34.77,Calcium Nitrate,22.02
tomato,26.27,26.54,15.6,NPK 19-19-19,20.93
tomato,64.21,41.88,1.45,Calcium Nitrate,25.1
tomato,52.19,10.92,8.96,Calcium Nitrate,19.84
tomato,31.87,15.6,7.77,NPK 19-19-19,24.06
tomato,45.23,24.03,29.81,Calcium Nitrate,21.82
tomato,52.74,32.01,6.28,Calcium Nitrate,14.5
tomato,52.04,30.43,1.28,Calcium Nitrate,23.34
tomato,48.59,34.05,6.95,Calcium Nitrate,26.59
tomato,58.85,27.68,7.64,Calcium Nitrate,20.15
tomato,57.4,23.15,80.88,Calcium Nitrate,22.89
tomato,25.49,43.97,13.65,NPK 19-19-19,20.43
tomato,10.43,11.19,2.39,NPK 19-19-19,23.22
tomato,23.37,43.92,15.16,NPK 19-19-19,19.49
tomato,51.55,17.62,33.48,Urea,21.32
tomato,46.03,14.98,25.17,Urea,26.56
tomato,49.16,20.7,4.08,NPK 19-19-19,21.24
tomato,67.4,39.39,42.61,Calcium Nitrate,17.0
tomato,58.38,22.42,25.07,Calcium Nitrate,23.73
tomato,27.61,34.77,18.06,NPK 19-19-19,19.38
tomato,21.08,30.9,29.4,NPK 19-19-19,25.98
tomato,50.47,19.01,37.63,Urea,19.0
tomato,47.84,16.0,21.69,NPK 19-19-19,23.79
tomato,53.62,37.71,8.72,Calcium Nitrate,25.76
tomato,41.21,44.52,51.65,Calcium Nitrate,26.66
tomato,26.06,15.34,21.94,NPK 19-19-19,19.12
tomato,36.17,16.2,21.33,Calcium Nitrate,25.1
tomato,38.78,30.52,31.04,Calcium Nitrate,20.69
tomato,28.53,34.52,29.67,Calcium Nitrate,19.82
tomato,68.79,44.41,3.79,Calcium Nitrate,18.02
tomato,13.99,19.48,7.61,NPK 19-19-19,27.69
tomato,63.97,21.56,28.46,NPK 19-19-19,18.43
tomato,32.96,43.49,5.1,Calcium Nitrate,21.01
tomato,31.98,26.46,12.33,Calcium Nitrate,19.66
tomato,12.7,29.48,27.01,NPK 19-19-19,26.74
tomato,64.0,37.64,3.23,Calcium Nitrate,17.46
tomato,54.0,27.57,20.55,NPK 19-19-19,18.13
tomato,37.72,21.87,0.52,Urea,17.09
tomato,40.91,28.19,45.05,Calcium Nitrate,20.73
tomato,24.13,18.61,26.86,NPK 19-19-19,15.94
tomato,42.89,39.99,10.84,Calcium Nitrate,20.83
tomato,47.0,27.61,37.64,NPK 19-19-19,22.61
tomato,19.26,11.99,9.88,NPK 19-19-19,21.42
tomato,65.6,23.45,1.47,Calcium Nitrate,21.08
tomato,13.22,30.33,24.96,NPK 19-19-19,21.72
tomato,32.31,41.24,2.36,Calcium Nitrate,19.99
tomato,43.81,43.98,6.35,Calcium Nitrate,23.1
tomato,21.17,44.74,24.86,NPK 19-19-19,22.51
tomato,18.25,20.88,14.71,NPK 19-19-19,21.0
tomato,53.87,19.47,24.55,Calcium Nitrate,22.13
